file_name,function_name,mean_cycles,std_cycles,num_samples
milepost-codelet-mibench-automotive-bitcount-src-bitcnts-codelet-1-1,astex_codelet__1,5315.588412,871.3565784646404,1000000
milepost-codelet-mibench-automotive-bitcount-src-bitcnts-codelet-1-1,main,5331122829,None,1
milepost-codelet-mibench-automotive-basicmath-isqrt-codelet-1-1,astex_codelet__1,5605.633114,886.6073503480877,1000000
milepost-codelet-mibench-automotive-basicmath-isqrt-codelet-1-1,main,5334646725,None,1
shared-bzip2-1.0.5,copyFileName,17663.6,8452.616565300948,5
shared-bzip2-1.0.5,addFlagsFromEnvVar,15551,3107.0271965336897,2
shared-bzip2-1.0.5,myMalloc,37749.75,69352.36284727436,8
shared-bzip2-1.0.5,mkCell,27074.5,4104.676479334273,4
shared-bzip2-1.0.5,snocString,33549.42857142857,8344.335540895248,7
shared-bzip2-1.0.5,hasSuffix,13284,None,1
shared-bzip2-1.0.5,mapSuffix,30440,None,1
shared-bzip2-1.0.5,containsDubiousChars,14510,None,1
shared-bzip2-1.0.5,fileExists,58651,26577.315477677574,2
shared-bzip2-1.0.5,saveInputFileMetaInfo,48510,None,1
shared-bzip2-1.0.5,fopen_output_safely,102136,None,1
shared-bzip2-1.0.5,bz_config_ok,14042,None,1
shared-bzip2-1.0.5,default_bzalloc,38615,21180.676523661845,2
shared-bzip2-1.0.5,BZ2_bzDecompressInit,53662,None,1
shared-bzip2-1.0.5,BZ2_bzReadOpen,43808,None,1
shared-bzip2-1.0.5,myfeof,6470.009756097561,3038.1795886054074,410
shared-bzip2-1.0.5,makeMaps_d,14113.5,7592.20550959996,2
shared-bzip2-1.0.5,BZ2_decompress,2097330.06,1283026.2495787833,100
shared-bzip2-1.0.5,BZ2_bzDecompress,15103.65064102564,3406.6050534360525,312
shared-bzip2-1.0.5,BZ2_hbCreateDecodeTables,16468.5,11586.10605619742,12
shared-bzip2-1.0.5,unRLE_obuf_to_output_FAST,254204.90740740742,25658.265796692347,216
shared-bzip2-1.0.5,BZ2_bzRead,30112.023255813954,153186.7734324943,215
shared-bzip2-1.0.5,BZ2_bzReadGetUnused,5668,None,1
shared-bzip2-1.0.5,default_bzfree,267448.5,367909.7795717042,2
shared-bzip2-1.0.5,BZ2_bzDecompressEnd,24518,None,1
shared-bzip2-1.0.5,BZ2_bzReadClose,12122,None,1
shared-bzip2-1.0.5,applySavedFileAttrToOutputFile,32226,None,1
shared-bzip2-1.0.5,uncompressStream,4441527,None,1
shared-bzip2-1.0.5,applySavedTimeInfoToOutputFile,27812,None,1
shared-bzip2-1.0.5,uncompress,1279887,None,1
shared-bzip2-1.0.5,main,391169,None,1
milepost-codelet-mibench-telecomm-fft-fourierf-codelet-3-1,astex_codelet__3,10083922.638,632388.0942764258,1000
milepost-codelet-mibench-telecomm-fft-fourierf-codelet-3-1,main,13795486,None,1
milepost-codelet-mibench-consumer-tiffmedian-src-tiffmedian-codelet-4-1,astex_codelet__4,8613.003737,7191.9475624562765,1000000
milepost-codelet-mibench-consumer-tiffmedian-src-tiffmedian-codelet-4-1,main,5376289074,None,1
polybench-cpu-gramschmidt,init_array,58160,None,1
polybench-cpu-gramschmidt,kernel_gramschmidt,48875.452258966,3353.5415323159914,251199
polybench-cpu-gramschmidt,print_array,4258970,None,1
polybench-cpu-gramschmidt,main,1373284092,None,1
polybench-cpu-medley-reg-detect,init_array,32606,None,1
polybench-cpu-medley-reg-detect,kernel_reg_detect,17240.77769069405,1238.2086442280392,690268
polybench-cpu-medley-reg-detect,print_array,90709,None,1
polybench-cpu-medley-reg-detect,main,3753403269,None,1
milepost-codelet-mibench-automotive-susan-e-src-susan-codelet-2-1,astex_codelet__2,2594707.957450942,124482.03572540257,5147
milepost-codelet-mibench-automotive-susan-e-src-susan-codelet-2-1,main,50264708,None,1
cbench-telecom-adpcm-c,adpcm_coder,51430.4010721372,5643.260065154475,234858
cbench-telecom-adpcm-c,main,1253690378,None,1
milepost-codelet-mibench-consumer-mad-src-layer3-codelet-6-1,astex_codelet__6,35498.952742185036,2245.3420080491337,332855
milepost-codelet-mibench-consumer-mad-src-layer3-codelet-6-1,main,1794256358,None,1
milepost-codelet-mibench-consumer-tiffmedian-src-tiffmedian-codelet-5-1,astex_codelet__5,5999.402566,929.9408007870762,1000000
milepost-codelet-mibench-consumer-tiffmedian-src-tiffmedian-codelet-5-1,main,5301369470,None,1
cbench-network-dijkstra,enqueue,5279.4467758620685,789.9809795493627,290000
cbench-network-dijkstra,qcount,5241.456929411765,915.9825064011969,340000
cbench-network-dijkstra,dequeue,5277.921048275862,863.4957052568842,290000
cbench-network-dijkstra,dijkstra,103049.79278,13425.480315899098,50000
cbench-network-dijkstra,print_path,19671.909090909092,10086.791387299982,11
cbench-network-dijkstra,main,265077963,None,1
polybench-cpu-trisolv,init_array,42832,None,1
polybench-cpu-trisolv,kernel_trisolv,6481.19228,908.120781922623,1000000
polybench-cpu-trisolv,print_array,104466,None,1
polybench-cpu-trisolv,main,5311491127,None,1
milepost-codelet-mibench-consumer-tiffmedian-src-tiffmedian-codelet-3-1,astex_codelet__3,8078.348825,990.2760027420037,1000000
milepost-codelet-mibench-consumer-tiffmedian-src-tiffmedian-codelet-3-1,main,5292357285,None,1
milepost-codelet-mibench-consumer-lame-src-newmdct-codelet-10-1,astex_codelet__10,5932.971473,928.3695790692873,1000000
milepost-codelet-mibench-consumer-lame-src-newmdct-codelet-10-1,main,5416272338,None,1
milepost-codelet-mibench-consumer-tiffdither-src-tiffdither-codelet-1-1,astex_codelet__1,12359.135985976844,1134.7991729636058,761027
milepost-codelet-mibench-consumer-tiffdither-src-tiffdither-codelet-1-1,main,4043042109,None,1
milepost-codelet-mibench-network-dijkstra-src-dijkstra-large-codelet-5-1,astex_codelet__5,5330.170158,862.7398578774006,1000000
milepost-codelet-mibench-network-dijkstra-src-dijkstra-large-codelet-5-1,main,5339513798,None,1
milepost-codelet-mibench-office-ghostscript-src-gdevpbm-codelet-1-1,astex_codelet__1,5380.260076,882.5386482941923,1000000
milepost-codelet-mibench-office-ghostscript-src-gdevpbm-codelet-1-1,main,5417355417,None,1
milepost-codelet-mibench-consumer-lame-src-psymodel-codelet-17-1,astex_codelet__17,33968.18062456274,2337.6680031184937,337324
milepost-codelet-mibench-consumer-lame-src-psymodel-codelet-17-1,main,1998036700,None,1
milepost-codelet-mibench-office-rsynth-src-nsynth-codelet-9-1,astex_codelet__9,5325.101984,924.3464042476385,1000000
milepost-codelet-mibench-office-rsynth-src-nsynth-codelet-9-1,main,5360708152,None,1
milepost-codelet-mibench-consumer-jpeg-c-src-jcdctmgr-codelet-13-1,astex_codelet__13,6358.892557,963.3506948923446,1000000
milepost-codelet-mibench-consumer-jpeg-c-src-jcdctmgr-codelet-13-1,main,5407167790,None,1
milepost-codelet-mibench-consumer-lame-src-takehiro-codelet-5-1,astex_codelet__5,8489.258365,955.9626176190432,1000000
milepost-codelet-mibench-consumer-lame-src-takehiro-codelet-5-1,main,5380192381,None,1
polybench-cpu-symm,init_array,60588,None,1
polybench-cpu-symm,kernel_symm,31954.103133191657,2054.3376159970044,362793
polybench-cpu-symm,print_array,1402618,None,1
polybench-cpu-symm,main,1933588585,None,1
milepost-codelet-mibench-consumer-tiffmedian-src-tiffmedian-codelet-6-1,astex_codelet__6,5388.771167,970.069583013226,1000000
milepost-codelet-mibench-consumer-tiffmedian-src-tiffmedian-codelet-6-1,main,5422436791,None,1
milepost-codelet-mibench-automotive-bitcount-src-bitcnt-1-codelet-2-1,astex_codelet__2,5325.743782,872.6635722224498,1000000
milepost-codelet-mibench-automotive-bitcount-src-bitcnt-1-codelet-2-1,main,5352902475,None,1
milepost-codelet-mibench-telecomm-gsm-src-rpe-codelet-4-1,astex_codelet__4,6964.313773,947.8708844683003,1000000
milepost-codelet-mibench-telecomm-gsm-src-rpe-codelet-4-1,main,5288301939,None,1
cbench-telecom-adpcm-d,adpcm_decoder,35897.47806509833,3692.783651485436,321360
cbench-telecom-adpcm-d,main,1720326227,None,1
shared-bzip2-1.0.6,copyFileName,16740,7356.976145129193,5
shared-bzip2-1.0.6,addFlagsFromEnvVar,15712,2986.8190437319768,2
shared-bzip2-1.0.6,myMalloc,37530.75,69642.26635302526,8
shared-bzip2-1.0.6,mkCell,27146,4105.1989801551235,4
shared-bzip2-1.0.6,snocString,33369.42857142857,8004.884485053336,7
shared-bzip2-1.0.6,hasSuffix,13260,None,1
shared-bzip2-1.0.6,mapSuffix,31576,None,1
shared-bzip2-1.0.6,containsDubiousChars,13686,None,1
shared-bzip2-1.0.6,fileExists,57720,26162.95090390226,2
shared-bzip2-1.0.6,saveInputFileMetaInfo,41064,None,1
shared-bzip2-1.0.6,fopen_output_safely,100734,None,1
shared-bzip2-1.0.6,bz_config_ok,13344,None,1
shared-bzip2-1.0.6,default_bzalloc,36796,19965.867073583355,2
shared-bzip2-1.0.6,BZ2_bzDecompressInit,51724,None,1
shared-bzip2-1.0.6,BZ2_bzReadOpen,41820,None,1
shared-bzip2-1.0.6,myfeof,6326.758536585366,2661.571415304421,410
shared-bzip2-1.0.6,makeMaps_d,14499,8020.005112217822,2
shared-bzip2-1.0.6,BZ2_decompress,2098112.35,1341816.1592426642,100
shared-bzip2-1.0.6,BZ2_bzDecompress,15107.064102564103,3589.119330004156,312
shared-bzip2-1.0.6,BZ2_hbCreateDecodeTables,16816.333333333332,13205.734032356298,12
shared-bzip2-1.0.6,unRLE_obuf_to_output_FAST,252532.5787037037,24826.019356543075,216
shared-bzip2-1.0.6,BZ2_bzRead,30116.474418604652,154194.4697511835,215
shared-bzip2-1.0.6,BZ2_bzReadGetUnused,5668,None,1
shared-bzip2-1.0.6,default_bzfree,255539.5,351783.5023199638,2
shared-bzip2-1.0.6,BZ2_bzDecompressEnd,24483,None,1
shared-bzip2-1.0.6,BZ2_bzReadClose,11802,None,1
shared-bzip2-1.0.6,applySavedFileAttrToOutputFile,29758,None,1
shared-bzip2-1.0.6,uncompressStream,4526043,None,1
shared-bzip2-1.0.6,applySavedTimeInfoToOutputFile,24740,None,1
shared-bzip2-1.0.6,uncompress,1227395,None,1
shared-bzip2-1.0.6,main,399198,None,1
milepost-codelet-mibench-consumer-mad-src-layer3-codelet-5-1,astex_codelet__5,5502.129902,919.381297728772,1000000
milepost-codelet-mibench-consumer-mad-src-layer3-codelet-5-1,main,5329760844,None,1
milepost-codelet-mibench-automotive-susan-s-src-susan-codelet-1-1,astex_codelet__1,8040.264388,854.9519252284189,1000000
milepost-codelet-mibench-automotive-susan-s-src-susan-codelet-1-1,main,5304552192,None,1
cbench-telecom-gsm,endname,6506.266666666666,3739.1869144176762,15
cbench-telecom-gsm,parse_argv0,13548.6,6826.26584598051,15
cbench-telecom-gsm,set_format,15554,None,1
cbench-telecom-gsm,catch_signals,15986.066666666668,5285.3714893990555,15
cbench-telecom-gsm,emalloc,6235.933333333333,2779.3177597251824,15
cbench-telecom-gsm,okay_as_input,11765.666666666666,5058.549222662091,15
cbench-telecom-gsm,prepare_io,6607.466666666666,2660.249662469045,15
cbench-telecom-gsm,open_input,46574,17188.036973430095,15
cbench-telecom-gsm,open_output,5933.6,1903.3190483994006,15
cbench-telecom-gsm,get_u32,6280.444444444444,2468.490867233695,45
cbench-telecom-gsm,audio_init_input,36883,17190.55601195028,15
cbench-telecom-gsm,gsm_create,6398.733333333334,2840.713981345099,15
cbench-telecom-gsm,gsm_option,5820.9,1767.1089451807807,30
cbench-telecom-gsm,linear_input,6198.600550964187,1625.978275692369,7260
cbench-telecom-gsm,Gsm_Preprocess,15862.72739820566,1254.5277598122836,7245
cbench-telecom-gsm,gsm_norm,5462.316687613462,831.4594084481986,71610
cbench-telecom-gsm,Autocorrelation,21461.93181504486,1524.3298962387298,7245
cbench-telecom-gsm,gsm_div,5597.4795376121465,900.0937971843452,57960
cbench-telecom-gsm,Reflection_coefficients,54573.64651483782,3998.8650801204453,7245
cbench-telecom-gsm,Transformation_to_Log_Area_Ratios,5738.985645272602,1154.1845591069164,7245
cbench-telecom-gsm,Quantization_and_coding,5605.647619047619,858.8154347967903,7245
cbench-telecom-gsm,Gsm_LPC_Analysis,27393.093857832988,2283.7090178024787,7245
cbench-telecom-gsm,Decoding_of_the_coded_Log_Area_Ratios,5803.7896480331265,1117.8251817083687,7245
cbench-telecom-gsm,Coefficients_0_12,5713.994478951001,887.0694676542472,7245
cbench-telecom-gsm,LARp_to_rp,5478.026501035197,885.2799829716928,28980
cbench-telecom-gsm,Short_term_analysis_filtering,13236.277363699102,9111.451069075998,28980
cbench-telecom-gsm,Coefficients_13_26,5389.298274672187,882.1772472305428,7245
cbench-telecom-gsm,Coefficients_27_39,5518.524637681159,1029.6536021531028,7245
cbench-telecom-gsm,Coefficients_40_159,5327.158868184955,866.0719420460297,7245
cbench-telecom-gsm,Gsm_Short_Term_Analysis_Filter,75701.53733609385,4910.828238411783,7245
cbench-telecom-gsm,Calculation_of_the_LTP_parameters,45773.10203588682,5043.838702571849,28980
cbench-telecom-gsm,Long_term_analysis_filtering,6104.639510006901,995.478653119576,28980
cbench-telecom-gsm,Gsm_Long_Term_Predictor,16234.548309178745,1837.8826394549953,28980
cbench-telecom-gsm,Weighting_filter,7116.284886128365,888.8153135780543,28980
cbench-telecom-gsm,RPE_grid_selection,5673.532953761214,894.4083114147788,28980
cbench-telecom-gsm,gsm_add,5319.260075914423,796.3681726611651,28980
cbench-telecom-gsm,APCM_quantization_xmaxc_to_exp_mant,5449.976846100759,1044.672277186931,28980
cbench-telecom-gsm,APCM_quantization,16811.228157349895,1750.8572678000555,28980
cbench-telecom-gsm,gsm_sub,5215.764113181504,996.845339652443,57960
cbench-telecom-gsm,gsm_asl,7477.681746031746,2778.231507261101,28980
cbench-telecom-gsm,gsm_asr,5207.884248519646,807.6790342534939,389265
cbench-telecom-gsm,APCM_inverse_quantization,89533.80213940649,5232.2476604909,28980
cbench-telecom-gsm,RPE_grid_positioning,5575.524292615597,933.3980144651964,28980
cbench-telecom-gsm,Gsm_RPE_Encoding,32341.658488612837,2479.970535670879,28980
cbench-telecom-gsm,Gsm_Coder,66715.85217391304,4077.513769628156,7245
cbench-telecom-gsm,gsm_encode,11297.729744651484,1312.7392184953637,7245
cbench-telecom-gsm,gsm_mult,5197.012106985347,788.9937794117922,70290
cbench-telecom-gsm,gsm_destroy,6681.933333333333,2674.6309883439103,15
cbench-telecom-gsm,process_encode,5650399,61773.21257401371,15
cbench-telecom-gsm,process,53109.26666666667,9650.909309243254,15
cbench-telecom-gsm,main1,32128.333333333332,20778.456101269436,15
cbench-telecom-gsm,main,772940,None,1
polybench-cpu-bicg,init_array,35428,None,1
polybench-cpu-bicg,kernel_bicg,9113.353782,1084.229410784319,1000000
polybench-cpu-bicg,print_array,271734,None,1
polybench-cpu-bicg,main,5321105388,None,1
milepost-codelet-mibench-consumer-tiff2rgba-src-tif-predict-codelet-4-1,astex_codelet__4,7589.151062,928.6386530938825,1000000
milepost-codelet-mibench-consumer-tiff2rgba-src-tif-predict-codelet-4-1,main,5281346060,None,1
polybench-cpu-fdtd-apml,init_array,647148,None,1
polybench-cpu-fdtd-apml,kernel_fdtd_apml,628208.8486353509,28286.779310350394,21544
polybench-cpu-fdtd-apml,print_array,123732252,None,1
polybench-cpu-fdtd-apml,main,155882128,None,1
polybench-cpu-gemver,init_array,38760,None,1
polybench-cpu-gemver,kernel_gemver,13261.012643738615,1154.0550040672044,722492
polybench-cpu-gemver,print_array,220565,None,1
polybench-cpu-gemver,main,3885980617,None,1
milepost-codelet-mibench-security-pgp-d-src-mpilib-codelet-1-1,astex_codelet__1,5689.30495,932.3839430070183,1000000
milepost-codelet-mibench-security-pgp-d-src-mpilib-codelet-1-1,main,5320034125,None,1
cbench-consumer-lame,lame_init,13118.666666666666,13381.364367407881,3
cbench-consumer-lame,id3_inittag,11284,6939.948775027089,3
cbench-consumer-lame,lame_parse_args,25402.333333333332,16089.272274821298,3
cbench-consumer-lame,Read16BitsHighLow,9839.466666666667,8694.617307250517,30
cbench-consumer-lame,Read32BitsHighLow,23528.8,10839.374719709884,15
cbench-consumer-lame,Read16BitsLowHigh,7537.666666666667,3342.7721002613557,36
cbench-consumer-lame,Read32Bits,22611.25,10148.172662423696,12
cbench-consumer-lame,wave_check,7614.333333333333,4073.5810208382177,3
cbench-consumer-lame,parse_wave_header,112974,54681.34161667945,3
cbench-consumer-lame,parse_file_header,26312.666666666668,13939.639928396047,3
cbench-consumer-lame,OpenSndFile,39251,13586.040151567344,3
cbench-consumer-lame,GetSndSampleRate,7599,3678.1766678614013,6
cbench-consumer-lame,GetSndChannels,7509.333333333333,3597.4125516357817,6
cbench-consumer-lame,GetSndSamples,7758.333333333333,3797.5010028526217,6
cbench-consumer-lame,lame_init_infile,66450.66666666667,35043.132869841036,3
cbench-consumer-lame,InitFormatBitStream,8645.333333333334,5269.489570473912,3
cbench-consumer-lame,SmpFrqIndex,10084.333333333334,6821.455147791659,3
cbench-consumer-lame,BitrateIndex,8703.333333333334,4506.19410737413,3
cbench-consumer-lame,mem_alloc,25870.666666666668,31264.865285705826,3
cbench-consumer-lame,alloc_buffer,17511.333333333332,10297.970204527363,3
cbench-consumer-lame,init_bit_stream_w,16090.666666666666,9064.0791221907,3
cbench-consumer-lame,lame_init_params,96497.33333333333,101710.75115902613,3
cbench-consumer-lame,get_lame_version,13078,8748.852896237311,3
cbench-consumer-lame,get_psy_version,9200,5299.041328391391,3
cbench-consumer-lame,lame_print_version,40562.666666666664,22817.610947102534,3
cbench-consumer-lame,lame_print_config,65218.333333333336,37637.310535336255,3
cbench-consumer-lame,DetermineByteOrder,16822,None,1
cbench-consumer-lame,read_samples_pcm,9659.622549019608,3798.093769866555,408
cbench-consumer-lame,get_audio,16945.541666666668,3345.382286375395,408
cbench-consumer-lame,lame_readframe,11365.377450980392,1907.3868522429993,408
cbench-consumer-lame,fill_buffer,5622.75304136253,1130.9938214681022,822
cbench-consumer-lame,ts_real_time,8807.666666666666,6447.683108424813,6
cbench-consumer-lame,ts_process_time,13475,7316.258005292049,6
cbench-consumer-lame,timestatus,44744,14139.290505538105,6
cbench-consumer-lame,L3para_read,556012.3333333334,360058.4918458851,3
cbench-consumer-lame,init_fft,93773,51924.28688966272,3
cbench-consumer-lame,fht,21044.32299270073,14292.835484078238,3288
cbench-consumer-lame,fft_long,23092.153284671534,4167.672639912934,822
cbench-consumer-lame,fft_short,30414.55596107056,3927.486584109832,822
cbench-consumer-lame,L3psycho_anal,328999.4379562044,50243.7580251097,411
cbench-consumer-lame,mdct_init48,293634,None,1
cbench-consumer-lame,window_subband,10849.8366450392,1558.91461306016,14796
cbench-consumer-lame,mdct_long,6007.457692307692,1094.4878090467823,17160
cbench-consumer-lame,mdct_sub48,473792.29440389294,42907.425421947,411
cbench-consumer-lame,ATHformula,8428.238505747126,3985.4255343205027,2088
cbench-consumer-lame,compute_ath,5261736,2423566.374619643,3
cbench-consumer-lame,iteration_init,53761.62530413625,604391.1193408,411
cbench-consumer-lame,getframebits,5514.025547445255,786.737368067417,822
cbench-consumer-lame,ResvFrameBegin,5371.715328467153,570.3543564620128,411
cbench-consumer-lame,ms_convert,12196.761557177615,1149.918996757559,411
cbench-consumer-lame,ResvMaxBits,5575.282238442823,1183.420673673939,411
cbench-consumer-lame,on_pe,10912.481751824818,1299.6181696411118,411
cbench-consumer-lame,reduce_side,5450.7858880778585,781.3941498750195,411
cbench-consumer-lame,init_outer_loop,7601.908759124088,2409.3514347986984,822
cbench-consumer-lame,best_scalefac_store,6490.549878345499,1742.3741413784937,822
cbench-consumer-lame,ResvAdjust,5381.238442822384,946.9127149458897,822
cbench-consumer-lame,ResvFrameEnd,5468.121654501217,674.9619499976077,411
cbench-consumer-lame,iteration_loop,103470.36739659368,7933.728584191505,411
cbench-consumer-lame,BF_newPartHolder,10266.191176470587,7315.932164838463,68
cbench-consumer-lame,BF_addElement,5285.61586802828,887.5648312689119,145122
cbench-consumer-lame,BF_addEntry,8710.768884887588,2785.688558338621,199935
cbench-consumer-lame,CRC_BF_addEntry,10836.861059702516,1502.4873598393783,14589
cbench-consumer-lame,encodeSideInfo,217887.96836982967,19632.90558398651,411
cbench-consumer-lame,Huffmancodebits,1564788.4793187347,1612772.0261873906,822
cbench-consumer-lame,encodeMainData,235528.7201946472,22855.337773772353,411
cbench-consumer-lame,drain_into_ancillary_data,70857.17761557178,27852.640286021757,411
cbench-consumer-lame,BF_LoadHolderFromBitstreamPart,40444.50811030008,31966.767538215805,2466
cbench-consumer-lame,BF_PartLength,5379.1220600162205,742.4263604654468,2466
cbench-consumer-lame,store_side_info,70639.51094890511,8419.55483857418,411
cbench-consumer-lame,writePartMainData,215357.62009037193,498522.9858216154,2877
cbench-consumer-lame,main_data,43025.52068126521,3113.4856611804266,411
cbench-consumer-lame,side_queue_elements,5669.503649635037,1841.0269964929673,411
cbench-consumer-lame,BF_BitstreamFrame,22007.187347931875,1830.0397027375207,411
cbench-consumer-lame,III_format_bitstream,28669.343065693432,15404.735704909592,411
cbench-consumer-lame,empty_buffer,5379.787439613527,718.9378149932905,414
cbench-consumer-lame,copy_buffer,12321.833333333334,2179.1020206091225,414
cbench-consumer-lame,lame_encode_frame,43281.562043795624,6156.704306286247,411
cbench-consumer-lame,lame_encode_buffer,33186.934782608696,5064.497216054765,414
cbench-consumer-lame,BF_freePartHolder,5745.808510638298,1791.8313881066645,47
cbench-consumer-lame,BF_resizePartHolder,18545.545454545456,6071.94854002628,11
cbench-consumer-lame,get_side_info,5358.776155717762,593.5922584432196,411
cbench-consumer-lame,putbits,5313.134222325294,864.1587808961979,129360
cbench-consumer-lame,putMyBits,10564.868521954237,1254.0817082895446,129360
cbench-consumer-lame,writePartSideInfo,39910.71613949716,31466.16201466559,2466
cbench-consumer-lame,write_side_info,43094.189781021894,2679.3481265799546,411
cbench-consumer-lame,WriteMainDataBits,10626.930017730496,1357.5979526059496,112800
cbench-consumer-lame,mdct_short,5719.935064935065,724.4639996483284,924
cbench-consumer-lame,calc_xmin,11592.490049751244,1661.5033336803513,402
cbench-consumer-lame,quantize_xrpow_ISO,12374.908557457213,1646.0445838332726,2045
cbench-consumer-lame,ix_max,6140.267826386496,1008.8108021548703,5806
cbench-consumer-lame,choose_table_short,16579.678571428572,3303.215749928938,280
cbench-consumer-lame,count_bits,19670.22347188264,2321.0044909062376,2045
cbench-consumer-lame,count_bit_short_noESC,8755.3125,2434.528124609804,32
cbench-consumer-lame,count_bit_noESC2,6078.367617783676,1202.2014838589787,3014
cbench-consumer-lame,count_bit_short_ESC,8875.995815899581,3069.6183247508616,239
cbench-consumer-lame,bin_search_StepSize2,24734.65671641791,6820.1088173771095,402
cbench-consumer-lame,calc_noise1,17426.076523994812,1238.2262871916091,771
cbench-consumer-lame,outer_loop,64649.51243781095,44321.404806380706,402
cbench-consumer-lame,abs_and_sign,5266.598091107354,867.5242690065295,163236
cbench-consumer-lame,HuffmanCode,15901.309175664866,1567.1944114860653,80016
cbench-consumer-lame,inner_loop,11406.227979274612,2235.1496516422712,579
cbench-consumer-lame,count_bit_ESC,6458.136485280999,1406.1330903591138,3363
cbench-consumer-lame,choose_table,18762.679515019907,4234.397736987911,5526
cbench-consumer-lame,count_bits_long,21810.67716535433,3154.7036802390508,1905
cbench-consumer-lame,amp_scalefac_bands,6766.801075268817,1275.887610576903,372
cbench-consumer-lame,loop_break,5326.228494623656,735.6456312786008,372
cbench-consumer-lame,scale_bitcount_lsf,5955.65011820331,555.5410202315744,423
cbench-consumer-lame,quant_compare,5575.840108401084,1769.8331731488843,369
cbench-consumer-lame,L3_huffman_coder_count1,37012.87640449438,2217.11516242505,801
cbench-consumer-lame,count_bit_noESC,8132.257975034674,1433.4627588672029,2163
cbench-consumer-lame,lame_encode,11120.166666666666,310.5301380972009,6
cbench-consumer-lame,ts_calc_times,5385.666666666667,241.96583780911442,6
cbench-consumer-lame,free_side_info_link,38256.333333333336,2715.671973318329,6
cbench-consumer-lame,free_side_queues,16104.333333333334,175.25505223340448,3
cbench-consumer-lame,BF_FlushBitstream,265035.3333333333,1632.4742979089544,3
cbench-consumer-lame,III_FlushBitstream,10948.333333333334,95.92879303594586,3
cbench-consumer-lame,desalloc_buffer,5845.333333333333,134.64892622421218,3
cbench-consumer-lame,lame_encode_finish,48196.333333333336,6121.040951777184,3
cbench-consumer-lame,CloseSndFile,9942.666666666666,953.9608657242358,3
cbench-consumer-lame,lame_close_infile,16242,2598.975182644113,3
cbench-consumer-lame,lame_mp3_tags,5481.333333333333,73.1459727759043,3
cbench-consumer-lame,main1,4077611.6666666665,3529372.107981862,3
cbench-consumer-lame,main,653812,None,1
polybench-cpu-adi,init_array,45520,None,1
polybench-cpu-adi,kernel_adi,224657.61375543225,15984.270901594062,58217
polybench-cpu-adi,print_array,1428574,None,1
polybench-cpu-adi,main,326138346,None,1
cbench-consumer-tiff2median,_TIFFgetMode,5595.822274881517,1200.7464608475743,1688
cbench-consumer-tiff2median,_TIFFmalloc,5486.7555292259085,1096.5423000362425,10128
cbench-consumer-tiff2median,_TIFFmemset,5366.001355670671,1527.0606165388226,90730
cbench-consumer-tiff2median,_TIFFSetDefaultCompressionState,9587.692620176033,11689.373329107942,2954
cbench-consumer-tiff2median,_tiffReadProc,9329.288836229594,3570.223070447269,3798
cbench-consumer-tiff2median,TIFFInitOrder,5628.152843601896,844.103631685075,844
cbench-consumer-tiff2median,_tiffMapProc,5643.317535545024,1106.3562859554995,422
cbench-consumer-tiff2median,_TIFFvoid,5399.908372827804,820.0794347101327,2532
cbench-consumer-tiff2median,_tiffSeekProc,6665.920707254831,991.5677389616081,5486
cbench-consumer-tiff2median,CheckMalloc,10726.718009478673,1514.9795086213826,1688
cbench-consumer-tiff2median,TIFFFreeDirectory,13629.530805687204,8038.746266249148,1688
cbench-consumer-tiff2median,_TIFFMergeFieldInfo,419546.9721563981,709096.0507268864,1688
cbench-consumer-tiff2median,_TIFFSetupFieldInfo,12677.813586097946,2823.628168368947,1266
cbench-consumer-tiff2median,_TIFFFindFieldInfo,5372.188299016289,1112.6946887477693,50218
cbench-consumer-tiff2median,OkToChangeTag,10648.608698975691,1511.618531512606,13082
cbench-consumer-tiff2median,TIFFFindCODEC,5404.223696682465,969.2448528798712,2110
cbench-consumer-tiff2median,TIFFInitDumpMode,5452.593206951027,920.5284585955249,1266
cbench-consumer-tiff2median,TIFFSetCompressionScheme,21903.215639810427,2570.7453398044063,2110
cbench-consumer-tiff2median,_TIFFFieldWithTag,10682.537980516061,1547.4974548115442,30384
cbench-consumer-tiff2median,_TIFFVSetField,17799.819446567803,3786.592060107808,13082
cbench-consumer-tiff2median,TIFFVSetField,15969.730392906284,1970.4490731528256,13082
cbench-consumer-tiff2median,TIFFSetField,10705.865158232686,1417.277635969428,13082
cbench-consumer-tiff2median,TIFFDefaultDirectory,21854.895734597158,2310.0645694031655,1266
cbench-consumer-tiff2median,CheckDirCount,5379.69289099526,931.3810231364682,8440
cbench-consumer-tiff2median,TIFFFetchNormalTag,23455.71930202499,4111.864292740661,4642
cbench-consumer-tiff2median,TIFFReassignTagToIgnore,5443.085477318889,1058.0277292114101,5908
cbench-consumer-tiff2median,_TIFFrealloc,5853.6658767772515,1688.4916879446039,422
cbench-consumer-tiff2median,tagCompare,5318.492173858817,907.9811486084932,128288
cbench-consumer-tiff2median,TIFFPredictorInit,11390.590047393365,1355.952067621468,422
cbench-consumer-tiff2median,TIFFInitLZW,16574.111374407585,2320.295342085172,422
cbench-consumer-tiff2median,PredictorVSetField,10717.67430226435,1666.9908103808193,3798
cbench-consumer-tiff2median,TIFFNumberOfStrips,5492.6563981042655,929.7107474739149,844
cbench-consumer-tiff2median,TIFFFetchLongArray,5274.135071090047,766.6682881528284,844
cbench-consumer-tiff2median,TIFFFetchStripThing,21503.997630331753,2520.5979181065477,844
cbench-consumer-tiff2median,TIFFFetchData,16228.362559241707,1909.834036326847,1266
cbench-consumer-tiff2median,cvtRational,5338.669431279621,770.3479646757712,844
cbench-consumer-tiff2median,TIFFFetchRational,16114.761848341232,1999.1660310858597,844
cbench-consumer-tiff2median,TIFFFetchString,10730.151658767772,1255.8008907396568,422
cbench-consumer-tiff2median,_TIFFmemcpy,5365.537914691943,764.9804217082375,1266
cbench-consumer-tiff2median,_TIFFsetByteArray,16183.399289099527,2351.7890371995068,844
cbench-consumer-tiff2median,_TIFFsetString,10864.796208530806,1412.123038834253,844
cbench-consumer-tiff2median,_TIFFfree,5471.364830173776,929.7753447264313,10128
cbench-consumer-tiff2median,TIFFTileRowSize,5482.721563981043,1381.5021152304341,844
cbench-consumer-tiff2median,TIFFVTileSize,10781,1393.6938050738781,844
cbench-consumer-tiff2median,TIFFTileSize,10917.150473933649,2308.68943321507,844
cbench-consumer-tiff2median,TIFFScanlineSize,5382.724723538705,1374.5768705126545,2532
cbench-consumer-tiff2median,TIFFReadDirectory,280668.1492890995,23812.99780487737,422
cbench-consumer-tiff2median,TIFFClientOpen,55785.2962085308,10521.781419604336,844
cbench-consumer-tiff2median,TIFFFdOpen,13265.329383886256,2271.945761895646,844
cbench-consumer-tiff2median,TIFFOpen,46776.24644549763,33735.941827560906,844
cbench-consumer-tiff2median,_TIFFVGetField,5506.9209123222745,805.8472059978143,6752
cbench-consumer-tiff2median,PredictorVGetField,10842.944609004739,1680.9391532506252,3376
cbench-consumer-tiff2median,TIFFVGetField,15975.423578199052,1591.9454146776022,6752
cbench-consumer-tiff2median,TIFFGetField,10645.642328199052,1350.2904093143768,6752
cbench-consumer-tiff2median,_tiffWriteProc,10881.491574512902,4222.030152509462,3798
cbench-consumer-tiff2median,TIFFInitPackBits,5431.345971563981,792.0407171330019,422
cbench-consumer-tiff2median,unixErrorHandler,21055.229857819904,2103.8403922282223,422
cbench-consumer-tiff2median,TIFFError,10881.450236966824,1338.449732915477,422
cbench-consumer-tiff2median,_TIFFDefaultStripSize,10716.86018957346,1303.6522702351556,422
cbench-consumer-tiff2median,TIFFDefaultStripSize,10916.251184834124,1902.056912220658,422
cbench-consumer-tiff2median,TIFFCheckRead,5233.315416514765,922.5378376158073,87776
cbench-consumer-tiff2median,TIFFReadBufferSetup,11384.225118483413,2210.8987863000534,422
cbench-consumer-tiff2median,TIFFReadRawStrip1,17205.888625592415,1747.6702712797317,422
cbench-consumer-tiff2median,LZWSetupDecode,13892.642180094786,2686.3434724004114,422
cbench-consumer-tiff2median,PredictorSetup,5353.96682464455,739.9248943325775,422
cbench-consumer-tiff2median,PredictorSetupDecode,16507.305687203792,2546.446962335281,422
cbench-consumer-tiff2median,LZWPreDecode,11391.67298578199,1377.3078933013521,422
cbench-consumer-tiff2median,TIFFStartStrip,16363.516587677725,1789.4892670861027,422
cbench-consumer-tiff2median,TIFFFillStrip,22028.20853080569,2118.787024508118,422
cbench-consumer-tiff2median,TIFFSeek,5299.640528162596,1055.9473335702455,87776
cbench-consumer-tiff2median,LZWDecode,11893.730290740066,1228.652537515184,87776
cbench-consumer-tiff2median,_TIFFNoPostDecode,5296.5192307692305,920.9764592675945,87776
cbench-consumer-tiff2median,TIFFReadScanline,26654.173350346337,2423.688829062645,87776
cbench-consumer-tiff2median,TIFFSetupStrips,31983.061611374407,3024.5766616079086,422
cbench-consumer-tiff2median,TIFFWriteCheck,21594.172985781992,2166.4252067993652,422
cbench-consumer-tiff2median,TIFFWriteBufferSetup,11028.428909952607,1374.1041559053097,422
cbench-consumer-tiff2median,TIFFFlushData1,8278.630331753555,3209.9206467325166,844
cbench-consumer-tiff2median,TIFFFlushData,13542.52962085308,3036.351736060315,844
cbench-consumer-tiff2median,_TIFFtrue,5301.434834123223,771.0573669492961,844
cbench-consumer-tiff2median,PackBitsPreEncode,10692.969194312796,1334.0576616677617,422
cbench-consumer-tiff2median,PackBitsEncode,6125.526890583144,992.4277685184279,87354
cbench-consumer-tiff2median,TIFFWriteScanline,11020.655505185796,2418.312215082841,87354
cbench-consumer-tiff2median,fsdither,5378866.765402843,157138.55129021066,422
cbench-consumer-tiff2median,LZWCleanup,16104.78672985782,1250.01154085474,422
cbench-consumer-tiff2median,_tiffCloseProc,33725.79383886256,24937.74987999634,844
cbench-consumer-tiff2median,TIFFClose,40650.086492890994,3839.6334632991184,844
cbench-consumer-tiff2median,TIFFAppendToStrip,17653.123222748814,2418.800802969841,422
cbench-consumer-tiff2median,TIFFLinkDirectory,21577.81279620853,2067.7042556569827,422
cbench-consumer-tiff2median,TIFFSetupShortLong,5357.314375987362,718.6758744747599,1266
cbench-consumer-tiff2median,TIFFWriteShortArray,5453.469194312796,764.8247111045863,422
cbench-consumer-tiff2median,TIFFWritePerSampleShorts,16384.47867298578,1274.657417817915,422
cbench-consumer-tiff2median,TIFFWriteNormalTag,11444.669939065674,2380.18899351135,2954
cbench-consumer-tiff2median,TIFFWriteData,15974.954186413903,1644.060795675069,1266
cbench-consumer-tiff2median,TIFFWriteByteArray,10684.59241706161,1042.7485353937823,422
cbench-consumer-tiff2median,TIFFWriteLongArray,5331.582938388626,781.0114219871515,844
cbench-consumer-tiff2median,TIFFWriteRationalArray,21464.640995260663,2184.214944358099,844
cbench-consumer-tiff2median,TIFFWriteDirectory,165450.88862559243,5440.272131870007,422
cbench-consumer-tiff2median,TIFFFlush,16282.248815165876,1930.9494956034039,422
cbench-consumer-tiff2median,main1,158196.48815165876,14474.096046540084,422
cbench-consumer-tiff2median,main,3046697,None,1
cbench-security-sha,sha_init,5727.77,784.7407745129491,1000
cbench-security-sha,byte_reverse,5517.037521523179,1199.340154412356,604000
cbench-security-sha,sha_transform,7163.705915562914,1365.1873641332452,604000
cbench-security-sha,sha_update,1322726.8574,172317.69179819,5000
cbench-security-sha,sha_final,16774.421,2315.9034281350005,1000
cbench-security-sha,sha_stream,71584.513,5604.760615886497,1000
cbench-security-sha,sha_print,22468,None,1
cbench-security-sha,main1,24338.438,3381.9443125943826,1000
cbench-security-sha,main,6767856,None,1
polybench-cpu-jacobi-1d-imper,init_array,28452,None,1
polybench-cpu-jacobi-1d-imper,kernel_jacobi_1d_imper,7359.542146,947.5826461974629,1000000
polybench-cpu-jacobi-1d-imper,print_array,136331,None,1
polybench-cpu-jacobi-1d-imper,main,5330514070,None,1
polybench-cpu-fdtd-2d,init_array,59372,None,1
polybench-cpu-fdtd-2d,kernel_fdtd_2d,22588.48319882489,1758.0588624221057,477913
polybench-cpu-fdtd-2d,print_array,5175282,None,1
polybench-cpu-fdtd-2d,main,2598546146,None,1
milepost-codelet-mibench-consumer-lame-src-fft-codelet-2-1,astex_codelet__2,152610.10843,7248.924271776048,100000
milepost-codelet-mibench-consumer-lame-src-fft-codelet-2-1,main,564609929,None,1
polybench-cpu-durbin,init_array,50166,None,1
polybench-cpu-durbin,kernel_durbin,8400.984069,1041.6434944127345,1000000
polybench-cpu-durbin,print_array,135140,None,1
polybench-cpu-durbin,main,5375228772,None,1
cbench-security-rijndael,set_key,12085.393096597963,1236.0385016366151,4027
cbench-security-rijndael,decrypt,6290.340687256182,964.7662091634347,998696
cbench-security-rijndael,decfile,1571524.4973926,49486.73228722164,4027
cbench-security-rijndael,main1,202984.34988825428,439378.4680054708,4027
cbench-security-rijndael,main,40491430,None,1
polybench-cpu-mvt,init_array,40630,None,1
polybench-cpu-mvt,kernel_mvt,9742.00281,1043.3411100923686,1000000
polybench-cpu-mvt,print_array,276878,None,1
polybench-cpu-mvt,main,5295201596,None,1
milepost-codelet-mibench-consumer-lame-src-newmdct-codelet-3-1,astex_codelet__3,8363.279058,1028.166410745265,1000000
milepost-codelet-mibench-consumer-lame-src-newmdct-codelet-3-1,main,5325609924,None,1
polybench-cpu-gemm,init_array,33892522,None,1
polybench-cpu-gemm,kernel_gemm,2078555685,5213671.95666302,6
polybench-cpu-gemm,print_array,2518923299,None,1
polybench-cpu-gemm,main,2185057,None,1
milepost-codelet-mibench-office-rsynth-src-nsynth-codelet-5-1,astex_codelet__5,5432.960926,1533.0560803206672,1000000
milepost-codelet-mibench-office-rsynth-src-nsynth-codelet-5-1,main,5455661236,None,1
cbench-automotive-qsort1,swap,5422.164153729785,829.140282068222,138815
cbench-automotive-qsort1,compare,5228.012172421567,841.1968289316079,656484
cbench-automotive-qsort1,shortsort,88347.04413062666,57722.719750623924,5665
cbench-automotive-qsort1,qsortx,3736870611,None,1
cbench-automotive-qsort1,main1,62175375,None,1
cbench-automotive-qsort1,main,340819,None,1
polybench-cpu-2mm,init_array,73108,None,1
polybench-cpu-2mm,kernel_2mm,207620,None,1
milepost-codelet-mibench-automotive-qsort1-src-qsort-codelet-1-1,astex_codelet__1,5381.107307,863.8214515915358,1000000
milepost-codelet-mibench-automotive-qsort1-src-qsort-codelet-1-1,main,5236091826,None,1
cbench-consumer-tiff2bw,_TIFFgetMode,5634.09887459807,1028.555462076165,1244
cbench-consumer-tiff2bw,_TIFFmalloc,5688.241379310345,1218.6723376381456,9019
cbench-consumer-tiff2bw,_TIFFmemset,9535.779742765273,3367.6306659637153,6220
cbench-consumer-tiff2bw,_TIFFSetDefaultCompressionState,5685.047159699893,989.19255664843,1866
cbench-consumer-tiff2bw,_tiffReadProc,8576.693504823152,1835.7728247914017,7775
cbench-consumer-tiff2bw,TIFFInitOrder,5539.75884244373,646.382152444651,622
cbench-consumer-tiff2bw,_tiffMapProc,5496.868167202572,1070.337058149404,311
cbench-consumer-tiff2bw,_TIFFvoid,5402.7453376205785,784.0377247910706,1555
cbench-consumer-tiff2bw,_tiffSeekProc,6713.400191187972,831.7090897172322,11507
cbench-consumer-tiff2bw,CheckMalloc,10944.649517684888,1688.5647652754365,1555
cbench-consumer-tiff2bw,TIFFFreeDirectory,17828.601286173634,12322.278180634114,1244
cbench-consumer-tiff2bw,_TIFFMergeFieldInfo,418894.6808681672,705799.6954404871,1244
cbench-consumer-tiff2bw,_TIFFSetupFieldInfo,12772.420150053591,2723.9804966319616,933
cbench-consumer-tiff2bw,_TIFFFindFieldInfo,5473.265294191339,1494.8525606800126,47894
cbench-consumer-tiff2bw,OkToChangeTag,11135.241336191497,3940.805777520886,11196
cbench-consumer-tiff2bw,TIFFFindCODEC,5339.0723472668815,731.9301011432516,1244
cbench-consumer-tiff2bw,TIFFInitDumpMode,5376.506966773848,806.5102786814275,933
cbench-consumer-tiff2bw,TIFFSetCompressionScheme,21768.528135048233,1993.5060718694258,1244
cbench-consumer-tiff2bw,_TIFFFieldWithTag,10732.077586533005,1521.9984341757972,26435
cbench-consumer-tiff2bw,_TIFFVSetField,17865.123013321085,3533.348132101928,10885
cbench-consumer-tiff2bw,TIFFVSetField,16606.19301536263,4562.647369312514,11196
cbench-consumer-tiff2bw,TIFFSetField,11107.975169703466,3710.041971559983,11196
cbench-consumer-tiff2bw,TIFFDefaultDirectory,22254.609860664525,2987.9971807799643,933
cbench-consumer-tiff2bw,CheckDirCount,5437.184113373824,1048.9595166521547,8397
cbench-consumer-tiff2bw,TIFFFetchNormalTag,23947.136548767416,4682.291163418423,4665
cbench-consumer-tiff2bw,TIFFReassignTagToIgnore,5480.914076455877,1090.3886761204703,5598
cbench-consumer-tiff2bw,_TIFFrealloc,5989.3794212218645,860.3283379754122,311
cbench-consumer-tiff2bw,tagCompare,5308.361715180234,887.3886361227998,94544
cbench-consumer-tiff2bw,TIFFPredictorInit,11430.372990353697,1013.115107833132,311
cbench-consumer-tiff2bw,TIFFInitLZW,16634.90032154341,1014.7319460282202,311
cbench-consumer-tiff2bw,PredictorVSetField,10389.967350976996,1991.6066286563341,4043
cbench-consumer-tiff2bw,TIFFNumberOfStrips,5484.200964630225,739.6423972517209,622
cbench-consumer-tiff2bw,TIFFFetchData,16454.23151125402,1786.5080332345924,2177
cbench-consumer-tiff2bw,TIFFFetchShortArray,11187.52733118971,1206.2608869877208,311
cbench-consumer-tiff2bw,TIFFFetchPerSampleShorts,16861.237942122185,1794.0731926597275,311
cbench-consumer-tiff2bw,TIFFFetchString,10977.245980707396,1060.0078018770334,622
cbench-consumer-tiff2bw,_TIFFmemcpy,5390.813279442257,889.2478736976252,66554
cbench-consumer-tiff2bw,_TIFFsetByteArray,16306.985209003215,1444.261780911507,1555
cbench-consumer-tiff2bw,_TIFFsetString,10958.707395498392,1230.7942554584806,1555
cbench-consumer-tiff2bw,_TIFFfree,5575.567702750983,980.4080315768015,8397
cbench-consumer-tiff2bw,TIFFFetchLongArray,10973.501607717042,1938.8836676832896,622
cbench-consumer-tiff2bw,TIFFFetchStripThing,21699.234726688104,1647.1525353182442,622
cbench-consumer-tiff2bw,cvtRational,5485.827974276527,1042.1792837945145,622
cbench-consumer-tiff2bw,TIFFFetchRational,16333.935691318327,1423.5003756688059,622
cbench-consumer-tiff2bw,TIFFTileRowSize,5429.818327974276,941.0913872458118,622
cbench-consumer-tiff2bw,TIFFVTileSize,10828.432475884245,1094.2701585135108,622
cbench-consumer-tiff2bw,TIFFTileSize,10943.893890675241,2722.1831619982227,622
cbench-consumer-tiff2bw,TIFFScanlineSize,5398.122722400857,667.7490799130333,1866
cbench-consumer-tiff2bw,TIFFReadDirectory,349981.536977492,10623.252172797842,311
cbench-consumer-tiff2bw,TIFFClientOpen,52265.41479099679,3196.835697219106,622
cbench-consumer-tiff2bw,TIFFFdOpen,13236.435691318327,1283.1111702599342,622
cbench-consumer-tiff2bw,TIFFOpen,50414.73954983923,23194.12625571817,622
cbench-consumer-tiff2bw,_TIFFVGetField,5478.440900321543,799.2511388111245,7775
cbench-consumer-tiff2bw,PredictorVGetField,10833.080845199816,1476.7410188151332,4354
cbench-consumer-tiff2bw,TIFFVGetField,14825.920393647082,2888.031910508257,10263
cbench-consumer-tiff2bw,TIFFGetField,10737.11468381565,1316.1887342832918,10263
cbench-consumer-tiff2bw,_tiffWriteProc,13709.286741062984,6786.062292216616,5287
cbench-consumer-tiff2bw,cpTag,13397.095458199357,3139.278722512477,4976
cbench-consumer-tiff2bw,cpTags,91300.18649517685,2993.6163173376003,311
cbench-consumer-tiff2bw,_TIFFDefaultStripSize,10864.315112540193,1109.4716079156215,311
cbench-consumer-tiff2bw,TIFFDefaultStripSize,11088.69774919614,1627.7854594196815,311
cbench-consumer-tiff2bw,TIFFCheckRead,5341.310212094979,971.8020870188817,64688
cbench-consumer-tiff2bw,TIFFReadBufferSetup,15403.258842443729,2780.061865279433,1244
cbench-consumer-tiff2bw,TIFFReadRawStrip1,16503.255503339104,1605.5838540500486,4043
cbench-consumer-tiff2bw,LZWSetupDecode,14383.016077170418,1212.6045427756098,311
cbench-consumer-tiff2bw,PredictorSetup,10945.8038585209,1316.0894824899055,311
cbench-consumer-tiff2bw,PredictorSetupDecode,16497.398713826366,896.0166159164352,311
cbench-consumer-tiff2bw,LZWPreDecode,11510.306208261192,1552.049149614452,4043
cbench-consumer-tiff2bw,TIFFStartStrip,11187.39896116745,2050.6601555587285,4043
cbench-consumer-tiff2bw,TIFFFillStrip,18006.351966361613,3113.331579996647,4043
cbench-consumer-tiff2bw,TIFFSeek,5692.522013356419,1612.2546998039086,64688
cbench-consumer-tiff2bw,LZWDecode,22713.34522631709,2494.811804425241,64688
cbench-consumer-tiff2bw,horAcc8,7748.761965124907,1046.8580894551471,64688
cbench-consumer-tiff2bw,PredictorDecodeRow,16437.611380781596,1747.7828532694905,64688
cbench-consumer-tiff2bw,_TIFFNoPostDecode,5301.033731140243,959.8297973517729,64688
cbench-consumer-tiff2bw,TIFFReadScanline,26751.06951830324,2191.765389702067,64688
cbench-consumer-tiff2bw,compresscontig,8077.022399826861,1075.1419090271525,64688
cbench-consumer-tiff2bw,TIFFSetupStrips,32630.881028938908,1719.2386842850424,311
cbench-consumer-tiff2bw,TIFFWriteCheck,21668.273311897105,1458.4793978976527,311
cbench-consumer-tiff2bw,TIFFWriteBufferSetup,11012.504823151125,1009.2438078513733,311
cbench-consumer-tiff2bw,TIFFFlushData1,10082.837620578779,2469.62605843981,1866
cbench-consumer-tiff2bw,TIFFFlushData,15451.337620578779,2606.1866538471822,1866
cbench-consumer-tiff2bw,_TIFFtrue,5354.614147909968,702.7179528656018,1866
cbench-consumer-tiff2bw,_TIFFNoPreCode,5385.945337620578,919.7611051654094,1555
cbench-consumer-tiff2bw,DumpModeEncode,10711.01748392283,1358.8140925496798,64688
cbench-consumer-tiff2bw,TIFFWriteScanline,11084.617626143952,2821.2885422967142,64688
cbench-consumer-tiff2bw,TIFFAppendToStrip,17518.8,1626.1294830833417,1555
cbench-consumer-tiff2bw,LZWCleanup,16474.34726688103,1703.2258222553298,311
cbench-consumer-tiff2bw,_tiffCloseProc,38771.332797427654,36088.677550578315,622
cbench-consumer-tiff2bw,TIFFClose,41236.01286173634,3548.9152219590064,622
cbench-consumer-tiff2bw,TIFFLinkDirectory,21877.66237942122,2183.139387589497,311
cbench-consumer-tiff2bw,TIFFSetupShortLong,5484.099678456591,791.896323557475,933
cbench-consumer-tiff2bw,TIFFWriteShortArray,5464.655948553054,620.6224611720678,311
cbench-consumer-tiff2bw,TIFFWritePerSampleShorts,16841.913183279743,3374.285066765015,311
cbench-consumer-tiff2bw,TIFFWriteNormalTag,12569.054662379422,2921.1840093205137,3110
cbench-consumer-tiff2bw,TIFFWriteData,16124.387689480936,1439.2361725837013,2177
cbench-consumer-tiff2bw,TIFFWriteByteArray,10754.448017148981,1307.2898951191817,933
cbench-consumer-tiff2bw,TIFFWriteLongArray,10762.991961414791,1633.3324326921538,622
cbench-consumer-tiff2bw,TIFFWriteRationalArray,21812.61575562701,1528.7615656413784,622
cbench-consumer-tiff2bw,TIFFWriteDirectory,184624.3729903537,4444.68340856409,311
cbench-consumer-tiff2bw,TIFFFlush,16373.861736334406,1895.3212095244185,311
cbench-consumer-tiff2bw,main1,3474105.5176848876,35057.604043209976,311
cbench-consumer-tiff2bw,main,2169246,None,1
polybench-cpu-doitgen,init_array,120106,None,1
polybench-cpu-doitgen,kernel_doitgen,803191.0681612182,7840.508855370176,16549
polybench-cpu-doitgen,print_array,21940856,None,1
polybench-cpu-doitgen,main,104144470,None,1
milepost-codelet-mibench-telecomm-gsm-src-short-term-codelet-2-1,astex_codelet__2,7772.329597,919.6110024250544,1000000
milepost-codelet-mibench-telecomm-gsm-src-short-term-codelet-2-1,main,5240760877,None,1
milepost-codelet-mibench-automotive-susan-e-src-susan-codelet-10-1,astex_codelet__10,3936158.9941571723,159523.8351311187,3423
milepost-codelet-mibench-automotive-susan-e-src-susan-codelet-10-1,main,38825831,None,1
milepost-codelet-mibench-consumer-lame-src-takehiro-codelet-16-1,astex_codelet__16,5346.052348,1545.751575043551,1000000
milepost-codelet-mibench-consumer-lame-src-takehiro-codelet-16-1,main,5404132147,None,1
cbench-consumer-jpeg-d,jpeg_std_error,6027.772277227723,1531.8037290404573,202
cbench-consumer-jpeg-d,jpeg_mem_init,5510.287128712871,582.7503725858343,202
cbench-consumer-jpeg-d,jpeg_get_small,8326.257425742575,8707.55113087475,1010
cbench-consumer-jpeg-d,jinit_memory_mgr,17710.242574257427,2337.9388412535723,202
cbench-consumer-jpeg-d,alloc_small,6571.529152915292,5096.309880377029,9090
cbench-consumer-jpeg-d,reset_marker_reader,5478.274752475248,1243.8127851180077,404
cbench-consumer-jpeg-d,jinit_marker_reader,17045.564356435643,2785.2164985147633,202
cbench-consumer-jpeg-d,jinit_input_controller,11199.732673267326,2138.8314305666736,202
cbench-consumer-jpeg-d,jpeg_CreateDecompress,23287.59405940594,3933.4784858406815,202
cbench-consumer-jpeg-d,jpeg_set_marker_processor,5318.762376237623,532.6497014436944,202
cbench-consumer-jpeg-d,keymatch,5363.973878238888,1123.1263349517067,18988
cbench-consumer-jpeg-d,parse_switches,258004.34405940594,25505.64625764827,404
cbench-consumer-jpeg-d,jpeg_stdio_src,40698.41584158416,8751.58302697042,202
cbench-consumer-jpeg-d,reset_error_mgr,5395.024752475248,571.0378126392934,202
cbench-consumer-jpeg-d,reset_input_controller,16786.480198019803,3481.4419200798843,202
cbench-consumer-jpeg-d,init_source,5702.678217821782,2702.775724571708,202
cbench-consumer-jpeg-d,fill_input_buffer,11901.836633663366,2254.5362319557457,606
cbench-consumer-jpeg-d,first_marker,12049.405940594059,1903.2705769592412,202
cbench-consumer-jpeg-d,emit_message,5318.229436405179,1051.2052915323245,5252
cbench-consumer-jpeg-d,get_soi,11323.079207920791,1762.9634971270264,202
cbench-consumer-jpeg-d,next_marker,5458.226072607261,1110.945848899828,1818
cbench-consumer-jpeg-d,get_app0,11312.509900990099,1882.2981857560421,202
cbench-consumer-jpeg-d,jpeg_alloc_quant_table,10982.826732673268,2120.556900419988,404
cbench-consumer-jpeg-d,get_dqt,17018.737623762376,2338.0290824840563,404
cbench-consumer-jpeg-d,get_sof,32637.51485148515,4283.285722360853,202
cbench-consumer-jpeg-d,jpeg_alloc_huff_table,10922.892326732674,2120.7543325019537,808
cbench-consumer-jpeg-d,get_dht,27833.85891089109,3961.4792556983284,808
cbench-consumer-jpeg-d,get_sos,32683.19306930693,3605.1573446871535,202
cbench-consumer-jpeg-d,read_markers,63306.430693069306,52742.414044094134,404
cbench-consumer-jpeg-d,jdiv_round_up,5330.98533186652,993.219249185867,5454
cbench-consumer-jpeg-d,initial_setup,75128.81188118811,7655.819654442669,202
cbench-consumer-jpeg-d,consume_markers,13733.962871287129,3494.6395776638205,404
cbench-consumer-jpeg-d,default_decompress_parms,5846.668316831683,1404.987007565904,202
cbench-consumer-jpeg-d,jpeg_consume_input,27929.01485148515,3507.4650517618243,202
cbench-consumer-jpeg-d,jpeg_read_header,11324.381188118812,1929.3068041449433,202
cbench-consumer-jpeg-d,use_merged_upsample,5460.914191419142,1775.5630481847897,606
cbench-consumer-jpeg-d,jpeg_calc_output_dimensions,42920.09405940594,4628.891836477796,404
cbench-consumer-jpeg-d,jinit_write_ppm,22542.173267326732,3351.203602699259,202
cbench-consumer-jpeg-d,prepare_range_limit_table,15349.064356435643,2499.6151884570168,202
cbench-consumer-jpeg-d,build_ycc_rgb_table,31009.361386138615,6487.154653283363,202
cbench-consumer-jpeg-d,jinit_color_deconverter,16950.29702970297,2984.5670337581814,202
cbench-consumer-jpeg-d,jround_up,5398.05198019802,943.3417579166735,404
cbench-consumer-jpeg-d,jpeg_get_large,5570.544554455446,1072.2964746934572,1212
cbench-consumer-jpeg-d,alloc_large,10792.767326732674,1895.6119567721191,1212
cbench-consumer-jpeg-d,alloc_sarray,16153.674257425742,2329.977725221943,1010
cbench-consumer-jpeg-d,jinit_upsampler,32954.67326732673,5393.851937950794,202
cbench-consumer-jpeg-d,jinit_d_post_controller,10945.544554455446,1603.5591540980306,202
cbench-consumer-jpeg-d,jinit_inverse_dct,27285.70297029703,2945.901992285272,202
cbench-consumer-jpeg-d,jinit_huff_decoder,10859.049504950495,1031.7572593944694,202
cbench-consumer-jpeg-d,jinit_d_coef_controller,16403.059405940596,2074.248455024083,202
cbench-consumer-jpeg-d,alloc_funny_pointers,27123.757425742573,3293.41312252067,202
cbench-consumer-jpeg-d,jinit_d_main_controller,33301.22277227723,5613.4043532167425,202
cbench-consumer-jpeg-d,realize_virt_arrays,5803.450495049505,2305.553336854161,202
cbench-consumer-jpeg-d,per_scan_setup,16454.787128712873,1798.248918633303,202
cbench-consumer-jpeg-d,latch_quant_tables,21835.336633663366,2576.1981911228863,202
cbench-consumer-jpeg-d,jpeg_make_d_derived_tbl,13973.853135313531,3862.387768150566,1212
cbench-consumer-jpeg-d,start_pass_huff_decoder,38582.9504950495,5425.401369247953,202
cbench-consumer-jpeg-d,start_iMCU_row,5492.26123381569,800.7094793978417,2626
cbench-consumer-jpeg-d,start_input_pass,19430.111386138615,9096.842084789756,404
cbench-consumer-jpeg-d,master_selection,72247.5594059406,7968.996063347466,202
cbench-consumer-jpeg-d,jinit_master_decompress,16010.148514851486,1557.5564539325176,202
cbench-consumer-jpeg-d,start_pass,7477.608910891089,1403.2513172000529,202
cbench-consumer-jpeg-d,start_output_pass,5423.366336633663,640.9152849193326,202
cbench-consumer-jpeg-d,start_pass_dcolor,5266.089108910891,599.9971575224527,202
cbench-consumer-jpeg-d,start_pass_upsample,5317.1435643564355,566.7320601862519,202
cbench-consumer-jpeg-d,start_pass_dpost,5625.232673267326,1270.4256192518806,202
cbench-consumer-jpeg-d,make_funny_pointers,6303.252475247525,627.0527449061523,202
cbench-consumer-jpeg-d,start_pass_main,10848.529702970298,1088.1490110539194,202
cbench-consumer-jpeg-d,prepare_for_output_pass,38668.29702970297,4506.932683083017,202
cbench-consumer-jpeg-d,output_pass_setup,10879.277227722772,1421.1625618626595,202
cbench-consumer-jpeg-d,jpeg_start_decompress,16292.698019801981,1960.3885143664102,202
cbench-consumer-jpeg-d,start_output_ppm,10456.554455445545,2145.36019763975,202
cbench-consumer-jpeg-d,jzero_far,5498.5581596621205,919.8362645612157,28886
cbench-consumer-jpeg-d,jpeg_fill_bit_buffer,5400.7615955681995,1008.3832343201613,532876
cbench-consumer-jpeg-d,jpeg_huff_decode,6253.776442471833,2157.5076056590387,58580
cbench-consumer-jpeg-d,decode_mcu,118916.83261787717,71984.91932485037,28886
cbench-consumer-jpeg-d,jpeg_idct_islow,6705.952869145088,1093.4338876324855,168064
cbench-consumer-jpeg-d,decompress_onepass,486206.3366336634,21069.91931804035,2626
cbench-consumer-jpeg-d,fullsize_upsample,5363.6368050266565,954.336112770832,21008
cbench-consumer-jpeg-d,h2v2_fancy_upsample,7658.5214442117285,1064.332895056875,42016
cbench-consumer-jpeg-d,ycc_rgb_convert,9904.860053313023,1106.3339487116727,42016
cbench-consumer-jpeg-d,sep_upsample,19081.38732863671,8477.904729611568,42016
cbench-consumer-jpeg-d,process_data_context_main,11120.097296268088,2054.327127141942,42016
cbench-consumer-jpeg-d,jpeg_read_scanlines,10724.94323591013,1477.9178850062399,42016
cbench-consumer-jpeg-d,put_pixel_rows,6670.825447448591,3460.844398459292,42016
cbench-consumer-jpeg-d,set_wraparound_pointers,5706.485148514851,303.51354158849284,202
cbench-consumer-jpeg-d,finish_input_pass,5481.816831683168,78.42860373893693,202
cbench-consumer-jpeg-d,set_bottom_pointers,5971.247524752475,1362.884728873951,202
cbench-consumer-jpeg-d,finish_output_ppm,15670.663366336634,1325.937061136042,202
cbench-consumer-jpeg-d,finish_output_pass,5498.024752475248,145.37474094444602,202
cbench-consumer-jpeg-d,term_source,5470.584158415842,865.6881571440362,202
cbench-consumer-jpeg-d,jpeg_free_large,5527.547854785478,1066.6012491991007,1212
cbench-consumer-jpeg-d,jpeg_free_small,5490.824752475248,781.3497749052518,1010
cbench-consumer-jpeg-d,free_pool,23688.574257425742,18834.451383022428,606
cbench-consumer-jpeg-d,jpeg_abort,10820.113861386139,272.7985824249738,202
cbench-consumer-jpeg-d,jpeg_finish_decompress,27871.78217821782,2025.156268665859,202
cbench-consumer-jpeg-d,jpeg_mem_term,5565.707920792079,2213.080246612603,202
cbench-consumer-jpeg-d,self_destruct,27485.633663366338,2751.7103526951737,202
cbench-consumer-jpeg-d,jpeg_destroy,10871.925742574258,1338.5454455793747,202
cbench-consumer-jpeg-d,jpeg_destroy_decompress,10740.524752475247,992.8157063360002,202
cbench-consumer-jpeg-d,main1,3307592.1039603963,410717.6994618783,202
cbench-consumer-jpeg-d,main,2812971,None,1
milepost-codelet-mibench-security-pgp-e-src-mpilib-codelet-1-1,astex_codelet__1,5488.579953,911.6790465104491,1000000
milepost-codelet-mibench-security-pgp-e-src-mpilib-codelet-1-1,main,5345656533,None,1
demo-codelet-openme-auto-tuning-plugins,astex_codelet__2,2610210.886535846,310201.14949522,5147
demo-codelet-openme-auto-tuning-plugins,main,54979678,None,1
milepost-codelet-mibench-automotive-basicmath-cubic-codelet-3-1,astex_codelet__3,5981.382838,984.9061321532905,1000000
milepost-codelet-mibench-automotive-basicmath-cubic-codelet-3-1,main,5539116619,None,1
milepost-codelet-mibench-telecomm-fft-fftmisc-codelet-5-1,astex_codelet__5,5369.545202,879.3371645362364,1000000
milepost-codelet-mibench-telecomm-fft-fftmisc-codelet-5-1,main,5313670137,None,1
cbench-network-patricia,bit,5244.595526326209,7104.703371018207,1111212
cbench-network-patricia,pat_search,36829.16934523809,8100.716508025827,16800
cbench-network-patricia,insertR,15891.130505623883,1713.9869867488378,76104
cbench-network-patricia,pat_insert,300417.9620471878,116205.02130425928,16784
cbench-network-patricia,main1,1370917.9345238095,47762.4128212203,168
cbench-network-patricia,main,1671656,None,1
milepost-codelet-mibench-consumer-lame-src-quantize-codelet-7-1,astex_codelet__7,18203.061040552137,1319.2306694203696,572177
milepost-codelet-mibench-consumer-lame-src-quantize-codelet-7-1,main,3041622406,None,1
cbench-telecom-crc32,crc32file,505645.3278530354,24559.31795395558,25911
cbench-telecom-crc32,main1,13176.103971286326,42906.31216735622,25911
cbench-telecom-crc32,main,157372838,None,1
cbench-automotive-susan,getint,23762.666666666668,18023.363097195077,3
cbench-automotive-susan,get_image,813554,None,1
cbench-automotive-susan,setup_brightness_lut,47528.74803149606,14593.894631431871,254
cbench-automotive-susan,susan_corners,62760478.33070866,8869048.4887012,254
cbench-automotive-susan,corner_draw,22806.36220472441,9683.677030995055,254
cbench-automotive-susan,free_brightness_lut,6177.9488188976375,1383.9696247646934,254
cbench-automotive-susan,put_image,511449,None,1
cbench-automotive-susan,main,10170094,None,1
polybench-cpu-gesummv,init_array,50558,None,1
polybench-cpu-gesummv,kernel_gesummv,9224.706711,906.8453615788484,1000000
polybench-cpu-gesummv,print_array,182267,None,1
polybench-cpu-gesummv,main,5368571974,None,1
polybench-cpu-ludcmp,init_array,41048,None,1
polybench-cpu-ludcmp,kernel_ludcmp,22181.93589284406,2158.400991734548,491396
polybench-cpu-ludcmp,print_array,99800,None,1
polybench-cpu-ludcmp,main,2644646895,None,1
shared-matmul-c,matmul,2820764847.75,606149.5031284911,4
shared-matmul-c,main,33368000,None,1
milepost-codelet-mibench-consumer-jpeg-c-src-jchuff-codelet-9-1,astex_codelet__9,9049.75244,1036.499247117303,1000000
milepost-codelet-mibench-consumer-jpeg-c-src-jchuff-codelet-9-1,main,5354299062,None,1
polybench-cpu-syr2k,init_array,60044,None,1
polybench-cpu-syr2k,kernel_syr2k,76945.43203110334,4958.931053659398,165127
polybench-cpu-syr2k,print_array,1395254,None,1
polybench-cpu-syr2k,main,885366156,None,1
milepost-codelet-mibench-telecomm-adpcm-c-src-adpcm-codelet-1-1,astex_codelet__1,42412.711655530285,3145.4276888425447,282707
milepost-codelet-mibench-telecomm-adpcm-c-src-adpcm-codelet-1-1,main,1500117005,None,1
polybench-cpu-atax,init_array,41804,None,1
polybench-cpu-atax,kernel_atax,9787.734199,7064.34627084878,1000000
polybench-cpu-atax,print_array,145056,None,1
polybench-cpu-atax,main,5346928027,None,1
milepost-codelet-mibench-consumer-tiffdither-src-tif-fax3-codelet-8-1,astex_codelet__8,5476.941125,969.3649229753922,1000000
milepost-codelet-mibench-consumer-tiffdither-src-tif-fax3-codelet-8-1,main,5449101073,None,1
milepost-codelet-mibench-consumer-jpeg-c-src-jfdctint-codelet-2-1,astex_codelet__2,5753.019905,946.534156656642,1000000
milepost-codelet-mibench-consumer-jpeg-c-src-jfdctint-codelet-2-1,main,5277923596,None,1
milepost-codelet-mibench-telecomm-adpcm-d-src-adpcm-codelet-1-1,astex_codelet__1,33440.688428182424,2530.09763424393,349608
milepost-codelet-mibench-telecomm-adpcm-d-src-adpcm-codelet-1-1,main,1854073365,None,1
milepost-codelet-mibench-security-pgp-e-src-mpilib-codelet-4-1,astex_codelet__4,5749.626841,947.1122487514205,1000000
milepost-codelet-mibench-security-pgp-e-src-mpilib-codelet-4-1,main,5466198116,None,1
cbench-consumer-jpeg-c,jpeg_std_error,7309.2,3474.4690977343735,10
cbench-consumer-jpeg-c,jpeg_mem_init,6217.5,2525.9695718234175,10
cbench-consumer-jpeg-c,jpeg_get_small,7099.38,3842.7879966694672,50
cbench-consumer-jpeg-c,jinit_memory_mgr,22382.6,7813.930028410089,10
cbench-consumer-jpeg-c,jpeg_CreateCompress,14294.6,6299.689978262599,10
cbench-consumer-jpeg-c,alloc_small,6874.926829268293,4106.690225215422,410
cbench-consumer-jpeg-c,jpeg_quality_scaling,6166.15,2381.8511658615007,20
cbench-consumer-jpeg-c,jpeg_alloc_quant_table,12025.1,4411.310903145518,20
cbench-consumer-jpeg-c,jpeg_add_quant_table,12187.975,5842.894191906997,40
cbench-consumer-jpeg-c,jpeg_set_linear_quality,18220.2,6626.650853699937,20
cbench-consumer-jpeg-c,jpeg_set_quality,18615.25,6770.110508893601,20
cbench-consumer-jpeg-c,jpeg_alloc_huff_table,12062.475,4448.4700913016295,40
cbench-consumer-jpeg-c,add_huff_table,12431,4795.34212035826,40
cbench-consumer-jpeg-c,std_huff_tables,30935.1,11643.006927861128,10
cbench-consumer-jpeg-c,jpeg_set_colorspace,6406.3,2161.674426530459,20
cbench-consumer-jpeg-c,jpeg_default_colorspace,12794.25,4605.6117128998185,20
cbench-consumer-jpeg-c,jpeg_set_defaults,30904.6,11661.52900399905,10
cbench-consumer-jpeg-c,keymatch,6067.993055555556,2605.294513760154,720
cbench-consumer-jpeg-c,parse_switches,232658.05,86073.62749381913,20
cbench-consumer-jpeg-c,jinit_read_ppm,16577.1,5901.552647867809,10
cbench-consumer-jpeg-c,select_file_type,72660.3,22959.072687671378,10
cbench-consumer-jpeg-c,pbm_getc,6212.969230769231,3405.4890414519055,130
cbench-consumer-jpeg-c,read_pbm_integer,33061.53333333333,12116.18660485543,30
cbench-consumer-jpeg-c,emit_message,7127.3,3203.902483257289,10
cbench-consumer-jpeg-c,start_input_ppm,38200.7,13752.629147023326,10
cbench-consumer-jpeg-c,fill_dc_scans,6164.1,2258.2442388070567,20
cbench-consumer-jpeg-c,fill_a_scan,6021.4375,2227.814646084841,80
cbench-consumer-jpeg-c,jpeg_simple_progression,74432.3,26238.42619369962,10
cbench-consumer-jpeg-c,jpeg_stdio_dest,12666.2,5299.106650076868,10
cbench-consumer-jpeg-c,jpeg_suppress_tables,7285.3,3293.6230658653094,10
cbench-consumer-jpeg-c,reset_error_mgr,5999.6,2287.009264908601,10
cbench-consumer-jpeg-c,init_destination,12020.8,4475.7891122993915,10
cbench-consumer-jpeg-c,jdiv_round_up,6099.164705882353,3157.97003687124,170
cbench-consumer-jpeg-c,initial_setup,87789.1,33501.44579118937,10
cbench-consumer-jpeg-c,validate_script,17132.7,9422.332337472382,10
cbench-consumer-jpeg-c,jinit_c_master_control,25563.2,12453.846864857996,10
cbench-consumer-jpeg-c,jinit_color_converter,12996.8,4796.532214932877,10
cbench-consumer-jpeg-c,jinit_downsampler,12735.6,4758.824019066522,10
cbench-consumer-jpeg-c,jpeg_get_large,6872.633333333333,4746.94359727713,90
cbench-consumer-jpeg-c,alloc_large,12552.377777777778,5634.902091963752,90
cbench-consumer-jpeg-c,alloc_sarray,17930.083333333332,6598.278374046705,60
cbench-consumer-jpeg-c,jinit_c_prep_controller,29877.7,11074.422603960493,10
cbench-consumer-jpeg-c,jinit_forward_dct,13319.4,4765.597670340579,10
cbench-consumer-jpeg-c,jinit_phuff_encoder,12312.5,4623.863638175811,10
cbench-consumer-jpeg-c,jround_up,6104.9,2248.2252337554874,60
cbench-consumer-jpeg-c,request_virt_barray,11915.966666666667,4213.702029326946,30
cbench-consumer-jpeg-c,jinit_c_coef_controller,68186,24116.015503763836,10
cbench-consumer-jpeg-c,jinit_c_main_controller,30219.7,11340.64430905248,10
cbench-consumer-jpeg-c,jinit_marker_writer,12073.9,4719.626384695202,10
cbench-consumer-jpeg-c,jpeg_mem_available,6269.5,2354.5003362355533,10
cbench-consumer-jpeg-c,alloc_barray,18150.9,6883.893562211873,30
cbench-consumer-jpeg-c,realize_virt_arrays,32661.4,11941.939877777162,10
cbench-consumer-jpeg-c,emit_byte,5277.157993730408,899.1479179345966,6380
cbench-consumer-jpeg-c,emit_marker,15975.292307692307,2274.800543494289,260
cbench-consumer-jpeg-c,emit_2bytes,16143.45,3092.486396443221,280
cbench-consumer-jpeg-c,emit_jfif_app0,93412.5,33199.80034829527,10
cbench-consumer-jpeg-c,write_file_header,18362,6917.800003533557,10
cbench-consumer-jpeg-c,jinit_compress_master,78140.7,28992.412773957873,10
cbench-consumer-jpeg-c,select_scan_parameters,5636.05,1018.3043082209826,100
cbench-consumer-jpeg-c,per_scan_setup,7957.55,5653.439102382145,100
cbench-consumer-jpeg-c,rgb_ycc_start,22709.8,16461.49031190338,10
cbench-consumer-jpeg-c,start_pass_downsample,6216.9,2507.0559737579765,10
cbench-consumer-jpeg-c,start_pass_prep,6117.2,2355.1792477195636,10
cbench-consumer-jpeg-c,start_pass_fdctmgr,22062.5,13521.761146389179,10
cbench-consumer-jpeg-c,start_pass_phuff,9896.784210526315,5273.576375588711,190
cbench-consumer-jpeg-c,start_iMCU_row,5450.103759398497,997.1577101040787,2660
cbench-consumer-jpeg-c,start_pass_coef,10743.694736842106,1443.4180559003469,190
cbench-consumer-jpeg-c,start_pass_main,6091.1,2261.3969846584264,10
cbench-consumer-jpeg-c,prepare_for_pass,27050.657894736843,10546.26333153151,190
cbench-consumer-jpeg-c,jpeg_start_compress,37288.5,14014.917681210658,10
cbench-consumer-jpeg-c,get_raw_row,6234.408173076923,2085.065103778358,2080
cbench-consumer-jpeg-c,rgb_ycc_convert,10061.405769230769,2427.6812516297437,2080
cbench-consumer-jpeg-c,pre_process_data,13695.591818181818,4543.80444683166,2200
cbench-consumer-jpeg-c,process_data_simple_main,11841.182211538462,3646.9059605519174,2080
cbench-consumer-jpeg-c,jpeg_write_scanlines,11153.125,2407.6078827191145,2080
cbench-consumer-jpeg-c,jcopy_sample_rows,5738.513461538461,2013.515755011621,1040
cbench-consumer-jpeg-c,expand_right_edge,5673.410897435898,1463.9002636103626,3120
cbench-consumer-jpeg-c,fullsize_downsample,16728.36923076923,3256.2805603620086,1040
cbench-consumer-jpeg-c,h2v2_downsample,12032.036538461538,2582.415955460016,2080
cbench-consumer-jpeg-c,sep_downsample,22334.748076923075,4747.070578978759,1040
cbench-consumer-jpeg-c,access_virt_barray,5565.438186813187,1062.1810953565277,3640
cbench-consumer-jpeg-c,jpeg_fdct_islow,6698.2366586538465,1575.8890841235254,8320
cbench-consumer-jpeg-c,forward_DCT,134081.35,53135.78646524357,520
cbench-consumer-jpeg-c,jzero_far,5626.496153846154,1263.6560993549183,260
cbench-consumer-jpeg-c,emit_symbol,7912.185149141546,2862.0393889093248,252780
cbench-consumer-jpeg-c,emit_bits,5262.325292936837,903.3169326686588,428420
cbench-consumer-jpeg-c,encode_mcu_DC_first,60314.87797202797,10966.361675227092,2860
cbench-consumer-jpeg-c,compress_output,149959.03684210527,82834.64838000352,2470
cbench-consumer-jpeg-c,compress_first_pass,62670.53076923077,10599.592243282386,130
cbench-consumer-jpeg-c,finish_input_ppm,5363,78.13521044389086,10
cbench-consumer-jpeg-c,emit_eobrun,7336.435778505507,4616.685657238416,167950
cbench-consumer-jpeg-c,jpeg_gen_optimal_table,130913.52,45138.739727102606,100
cbench-consumer-jpeg-c,finish_pass_gather_phuff,17685.78888888889,3735.6980470524595,90
cbench-consumer-jpeg-c,finish_pass_master,11091.231578947369,2449.5746221916415,190
cbench-consumer-jpeg-c,jpeg_make_c_derived_tbl,7643.918181818181,2684.3512332969926,110
cbench-consumer-jpeg-c,emit_dqt,245802.6,172898.60151078785,30
cbench-consumer-jpeg-c,emit_sof,86683.9,3659.991695497561,10
cbench-consumer-jpeg-c,write_frame_header,26916.4,461.15993851253916,10
cbench-consumer-jpeg-c,emit_dht,164956.21818181817,68305.42276555586,110
cbench-consumer-jpeg-c,emit_sos,52242.42,9457.99083900524,100
cbench-consumer-jpeg-c,write_scan_header,16723.09,3942.973973981435,100
cbench-consumer-jpeg-c,flush_bits,10511.9,835.4824227881031,100
cbench-consumer-jpeg-c,finish_pass_phuff,16224.3,2019.8826173515104,100
cbench-consumer-jpeg-c,encode_mcu_AC_first,25472.287844702467,28499.165879784025,27560
cbench-consumer-jpeg-c,emit_buffered_bits,7303.25133220554,7548.3022590202445,189160
cbench-consumer-jpeg-c,encode_mcu_AC_refine,129842.88327285921,128555.30451916603,27560
cbench-consumer-jpeg-c,empty_output_buffer,53178,4075.1049884225886,10
cbench-consumer-jpeg-c,dump_buffer,13102,157.0788902996764,10
cbench-consumer-jpeg-c,encode_mcu_DC_refine,37122.93356643357,3738.116566272814,1430
cbench-consumer-jpeg-c,write_file_trailer,10649.2,142.06086332586077,10
cbench-consumer-jpeg-c,term_destination,25462.6,3753.33070455799,10
cbench-consumer-jpeg-c,jpeg_free_large,5796.377777777778,1062.9172658807297,90
cbench-consumer-jpeg-c,jpeg_free_small,5582.48,1093.4498344268764,50
cbench-consumer-jpeg-c,free_pool,29218.7,27013.54890210109,30
cbench-consumer-jpeg-c,jpeg_abort,10982.7,84.09921389512377,10
cbench-consumer-jpeg-c,jpeg_finish_compress,1488042.8,18273.66511799,10
cbench-consumer-jpeg-c,jpeg_mem_term,5392.9,110.74139043535419,10
cbench-consumer-jpeg-c,self_destruct,27051.2,1450.8105627161972,10
cbench-consumer-jpeg-c,jpeg_destroy,12227.1,3405.849916769022,10
cbench-consumer-jpeg-c,jpeg_destroy_compress,10644.8,134.15977207957846,10
cbench-consumer-jpeg-c,main1,6799038.3,1974722.566746982,10
cbench-consumer-jpeg-c,main,826014,None,1
milepost-codelet-mibench-consumer-lame-src-quantize-pvt-codelet-6-1,astex_codelet__6,9088.162678,997.4541339383068,1000000
milepost-codelet-mibench-consumer-lame-src-quantize-pvt-codelet-6-1,main,5274166837,None,1
polybench-cpu-trmm,init_array,50498,None,1
polybench-cpu-trmm,kernel_trmm,24652.047627546297,1910.2808580206342,448249
polybench-cpu-trmm,print_array,5064811,None,1
polybench-cpu-trmm,main,2406099045,None,1
cbench-security-blowfish,BF_encrypt,12515.56120527307,3399.013237708081,531
cbench-security-blowfish,BF_set_key,6492604,None,1
cbench-security-blowfish,BF_cfb64_encrypt,100540.5,79495.06566133523,2
polybench-cpu-dynprog,init_array,41820,None,1
polybench-cpu-dynprog,kernel_dynprog,97874.21368,5197.240259420763,100000
polybench-cpu-dynprog,print_array,36883,None,1
polybench-cpu-dynprog,main,558455491,None,1
milepost-codelet-mibench-security-pgp-e-src-mpilib-codelet-3-1,astex_codelet__3,5684.657725,1029.6003017421885,1000000
milepost-codelet-mibench-security-pgp-e-src-mpilib-codelet-3-1,main,5451519962,None,1
milepost-codelet-mibench-consumer-tiffmedian-src-tiffmedian-codelet-1-1,astex_codelet__1,5822.264713,936.4272461638517,1000000
milepost-codelet-mibench-consumer-tiffmedian-src-tiffmedian-codelet-1-1,main,5355192544,None,1
polybench-cpu-medley-floyd-warshall,init_array,38880,None,1
polybench-cpu-medley-floyd-warshall,kernel_floyd_warshall,66831.25105163382,3316.2706498042153,178294
polybench-cpu-medley-floyd-warshall,print_array,1559618,None,1
polybench-cpu-medley-floyd-warshall,main,956493397,None,1
polybench-cpu-3mm,init_array,30872,None,1
polybench-cpu-3mm,kernel_3mm,124861.34295,8619.049186366445,100000
polybench-cpu-3mm,print_array,1991584,None,1
polybench-cpu-3mm,main,607382650,None,1
cbench-consumer-tiff2rgba,processCompressOptions,22584,None,1
cbench-consumer-tiff2rgba,_TIFFgetMode,5723.931137724551,1037.099496463922,668
cbench-consumer-tiff2rgba,_TIFFmalloc,6104.233173652695,2031.6756864084364,8350
cbench-consumer-tiff2rgba,_TIFFmemset,9954.587111491302,7039.711340140228,7014
cbench-consumer-tiff2rgba,_TIFFSetDefaultCompressionState,5708.807385229541,1003.482666697829,1002
cbench-consumer-tiff2rgba,_tiffReadProc,8696.655531043178,1858.6776122690069,6346
cbench-consumer-tiff2rgba,TIFFInitOrder,5716.661676646707,946.0270564312011,334
cbench-consumer-tiff2rgba,_tiffMapProc,5453.65868263473,931.728092429519,167
cbench-consumer-tiff2rgba,_TIFFvoid,5443.2,842.3967759064335,835
cbench-consumer-tiff2rgba,_tiffSeekProc,6793.702275449102,1218.4653804364596,8350
cbench-consumer-tiff2rgba,CheckMalloc,10983.802395209581,2837.922762301754,835
cbench-consumer-tiff2rgba,TIFFFreeDirectory,17945.33982035928,12300.10762656078,668
cbench-consumer-tiff2rgba,_TIFFMergeFieldInfo,427766.23353293416,726831.7304242176,668
cbench-consumer-tiff2rgba,_TIFFSetupFieldInfo,13074.712574850299,2995.074266395002,501
cbench-consumer-tiff2rgba,_TIFFFindFieldInfo,5488.416123635083,1657.8004742721093,22712
cbench-consumer-tiff2rgba,OkToChangeTag,11047.907457811649,3346.4782085269617,5511
cbench-consumer-tiff2rgba,TIFFFindCODEC,5429.25,862.3892695580549,668
cbench-consumer-tiff2rgba,TIFFInitDumpMode,5552.169660678643,1360.8088848760815,501
cbench-consumer-tiff2rgba,TIFFSetCompressionScheme,22192.49251497006,3189.5522611536794,668
cbench-consumer-tiff2rgba,_TIFFFieldWithTag,10833.169787008263,1630.7943794020784,13193
cbench-consumer-tiff2rgba,_TIFFVSetField,18281.03873502994,4501.036855717429,5344
cbench-consumer-tiff2rgba,TIFFVSetField,16686.828706223914,4788.580049951243,5511
cbench-consumer-tiff2rgba,TIFFSetField,11378.646706586826,4801.617377636708,5511
cbench-consumer-tiff2rgba,TIFFDefaultDirectory,22256.576846307384,2635.0269988337564,501
cbench-consumer-tiff2rgba,CheckDirCount,5425.25615435795,965.2955918617048,4509
cbench-consumer-tiff2rgba,TIFFFetchNormalTag,23977.388023952095,4904.642484717073,2505
cbench-consumer-tiff2rgba,TIFFReassignTagToIgnore,5529.726214238191,981.1803614636316,3006
cbench-consumer-tiff2rgba,_TIFFrealloc,5838.190286094477,1425.9300549781062,1503
cbench-consumer-tiff2rgba,tagCompare,5411.344114402774,1112.4862793557097,50768
cbench-consumer-tiff2rgba,TIFFPredictorInit,11693.580838323353,2928.737898595018,167
cbench-consumer-tiff2rgba,TIFFInitLZW,16797.676646706586,2323.010210261991,167
cbench-consumer-tiff2rgba,PredictorVSetField,10484.824044219255,2132.40442973996,2171
cbench-consumer-tiff2rgba,TIFFNumberOfStrips,5593.556886227545,990.4282304012685,167
cbench-consumer-tiff2rgba,TIFFFetchData,16445.80496150556,2237.296962459116,1169
cbench-consumer-tiff2rgba,TIFFFetchShortArray,11147.56886227545,1578.538673305468,167
cbench-consumer-tiff2rgba,TIFFFetchPerSampleShorts,16767.610778443115,2154.232686613936,167
cbench-consumer-tiff2rgba,TIFFFetchString,11078.011976047905,2736.346957629609,334
cbench-consumer-tiff2rgba,_TIFFmemcpy,5428.855615871062,909.128596340255,35738
cbench-consumer-tiff2rgba,_TIFFsetByteArray,16412.09101796407,1802.6734626129366,835
cbench-consumer-tiff2rgba,_TIFFsetString,11086.005988023951,1774.119332336312,334
cbench-consumer-tiff2rgba,_TIFFfree,5742.1794475565,1562.5937908353258,5177
cbench-consumer-tiff2rgba,TIFFFetchLongArray,10922.170658682635,1609.2418255409705,334
cbench-consumer-tiff2rgba,TIFFFetchStripThing,21745.40119760479,2607.62674321892,334
cbench-consumer-tiff2rgba,cvtRational,5575.008982035928,991.3638662138115,334
cbench-consumer-tiff2rgba,TIFFFetchRational,16511.69760479042,2219.1447155701435,334
cbench-consumer-tiff2rgba,TIFFTileRowSize,5443.685628742515,1229.5469367383648,334
cbench-consumer-tiff2rgba,TIFFVTileSize,10956.889221556887,2083.5391544465165,334
cbench-consumer-tiff2rgba,TIFFTileSize,11049.973053892216,2015.0222874925098,334
cbench-consumer-tiff2rgba,TIFFScanlineSize,5522.978043912176,1303.3544754318903,1002
cbench-consumer-tiff2rgba,TIFFReadDirectory,352973.02994011977,38190.17502372137,167
cbench-consumer-tiff2rgba,TIFFClientOpen,52979.296407185626,5244.368547731127,334
cbench-consumer-tiff2rgba,TIFFFdOpen,13693.06886227545,1918.9320692862054,334
cbench-consumer-tiff2rgba,TIFFOpen,53520.16467065868,25866.436531781528,334
cbench-consumer-tiff2rgba,_TIFFVGetField,5569.106523794516,756.3046789076665,3173
cbench-consumer-tiff2rgba,PredictorVGetField,10954.80738522954,1468.345792983958,2004
cbench-consumer-tiff2rgba,TIFFVGetField,15084.769211576846,2703.4849360558837,4008
cbench-consumer-tiff2rgba,TIFFGetField,10831.36002994012,1368.6230248490422,4008
cbench-consumer-tiff2rgba,TIFFCheckRead,5358.948353293413,974.96769719592,69472
cbench-consumer-tiff2rgba,TIFFReadBufferSetup,15541.70508982036,3069.1336736285602,668
cbench-consumer-tiff2rgba,TIFFReadRawStrip1,16576.360663288808,1916.8180765612444,4342
cbench-consumer-tiff2rgba,LZWSetupDecode,15621.880239520959,2358.074571417581,167
cbench-consumer-tiff2rgba,PredictorSetup,11548.173652694612,2783.2319840236096,167
cbench-consumer-tiff2rgba,PredictorSetupDecode,17117.305389221558,1769.1589783038012,167
cbench-consumer-tiff2rgba,LZWPreDecode,11594.025103638876,1360.029333893008,4342
cbench-consumer-tiff2rgba,TIFFStartStrip,11120.660064486412,1730.5694381068515,4342
cbench-consumer-tiff2rgba,TIFFFillStrip,17360.25241824044,2914.0091858091882,4342
cbench-consumer-tiff2rgba,TIFFSeek,5769.898016467066,1636.6712381664047,69472
cbench-consumer-tiff2rgba,LZWDecode,22622.856820013818,2584.1774443429654,69472
cbench-consumer-tiff2rgba,horAcc8,7673.979229041916,1002.1229764449686,69472
cbench-consumer-tiff2rgba,PredictorDecodeRow,16447.099867572546,1944.2345129832281,69472
cbench-consumer-tiff2rgba,_TIFFNoPostDecode,5387.097837977891,1015.9995051890617,69472
cbench-consumer-tiff2rgba,TIFFReadScanline,27039.36439140949,2563.0609009870504,69472
cbench-consumer-tiff2rgba,get_histogram,2040840.6526946109,132776.69612199056,167
cbench-consumer-tiff2rgba,largest_box,7520.765386873312,1474.835336900311,42585
cbench-consumer-tiff2rgba,shrinkbox,6337.763167782083,5644.683487340098,85170
cbench-consumer-tiff2rgba,splitbox,18854.01981918516,18776.03133813094,42585
cbench-consumer-tiff2rgba,create_colorcell,259003.45908183634,143231.37750720617,3006
cbench-consumer-tiff2rgba,map_colortable,894796.1137724551,14768.16975690981,167
cbench-consumer-tiff2rgba,_tiffWriteProc,13780.02183867559,6867.25814141112,2839
cbench-consumer-tiff2rgba,_TIFFDefaultStripSize,11038.02994011976,1064.3732950174867,167
cbench-consumer-tiff2rgba,TIFFDefaultStripSize,11000.125748502995,1061.7544992238918,167
cbench-consumer-tiff2rgba,TIFFSetupStrips,27708.71856287425,4037.5238533164265,167
cbench-consumer-tiff2rgba,TIFFWriteCheck,22509.017964071856,3800.1378137233137,167
cbench-consumer-tiff2rgba,TIFFWriteBufferSetup,11680.389221556887,1851.4892730763688,167
cbench-consumer-tiff2rgba,TIFFFlushData1,10331.443113772455,2670.1251852212345,1002
cbench-consumer-tiff2rgba,TIFFFlushData,15660.05888223553,3407.92301559846,1002
cbench-consumer-tiff2rgba,_TIFFtrue,5427.057884231537,923.995239944057,1002
cbench-consumer-tiff2rgba,_TIFFNoPreCode,5512.928143712575,935.4448663325855,835
cbench-consumer-tiff2rgba,DumpModeEncode,10868.558786273607,1328.1795043359052,34736
cbench-consumer-tiff2rgba,TIFFWriteScanline,11351.006275909718,3343.9303182054687,34736
cbench-consumer-tiff2rgba,TIFFAppendToStrip,17804.958083832335,1740.7456379203625,835
cbench-consumer-tiff2rgba,TIFFGrowStrips,27592.06886227545,2373.818581509451,668
cbench-consumer-tiff2rgba,quant,2873089.5508982036,19203.914944319527,167
cbench-consumer-tiff2rgba,_TIFFsetShortArray,10981.984031936128,1488.9700667725026,501
cbench-consumer-tiff2rgba,LZWCleanup,16976.311377245507,1720.6402419504132,167
cbench-consumer-tiff2rgba,_tiffCloseProc,39951.700598802396,31016.811602938687,334
cbench-consumer-tiff2rgba,TIFFClose,41242.94910179641,3664.008745963182,334
cbench-consumer-tiff2rgba,TIFFLinkDirectory,21933.28143712575,1817.9599246919263,167
cbench-consumer-tiff2rgba,TIFFSetupShortLong,5456.471057884231,789.979474202133,501
cbench-consumer-tiff2rgba,TIFFWriteShortArray,5619.892215568862,916.1618933455787,167
cbench-consumer-tiff2rgba,TIFFWritePerSampleShorts,16779.413173652694,1303.5345104083012,167
cbench-consumer-tiff2rgba,TIFFWriteNormalTag,10855.601796407185,1101.2715365066178,1002
cbench-consumer-tiff2rgba,TIFFWriteData,16231.386655260907,1683.598987500342,1169
cbench-consumer-tiff2rgba,TIFFWriteLongArray,10887.101796407185,1291.5488670944121,334
cbench-consumer-tiff2rgba,TIFFWriteRationalArray,21817.413173652694,1528.5207858380097,334
cbench-consumer-tiff2rgba,TIFFWriteShortTable,21866.215568862277,2108.5666036255116,167
cbench-consumer-tiff2rgba,TIFFWriteDirectory,169288.8143712575,4958.439305351278,167
cbench-consumer-tiff2rgba,TIFFFlush,16518.071856287424,1360.339626130191,167
cbench-consumer-tiff2rgba,main1,2984667.6706586825,25072.6744541233,167
cbench-consumer-tiff2rgba,main,1577366,None,1
cbench-automotive-bitcount,bit_count,5397.032290666667,864.1233252884931,1125000
cbench-automotive-bitcount,bitcount,5322.674302222223,849.5899122000482,1125000
cbench-automotive-bitcount,ntbl_bitcnt,9775.94148525179,3456.4898353491294,6663961
cbench-automotive-bitcount,ntbl_bitcount,5447.049509333333,931.089100687931,1125000
cbench-automotive-bitcount,BW_btbl_bitcount,6179.7737617777775,537067.6168974625,1125000
cbench-automotive-bitcount,AR_btbl_bitcount,6806.019555555556,756728.4890941887,1125000
cbench-automotive-bitcount,bit_shifter,5594.312365333333,914.8314983446983,1125000
cbench-automotive-bitcount,main,45562800005,None,1
milepost-codelet-mibench-consumer-tiffdither-src-tif-fax3-codelet-9-1,astex_codelet__9,5446.003114,966.7474360674086,1000000
milepost-codelet-mibench-consumer-tiffdither-src-tif-fax3-codelet-9-1,main,5419239416,None,1
polybench-cpu-cholesky,init_array,37238,None,1
polybench-cpu-cholesky,kernel_cholesky,11885.959688874207,1191.6491752290865,777949
polybench-cpu-cholesky,print_array,1493428,None,1
polybench-cpu-cholesky,main,4147179804,None,1
cbench-office-stringsearch2,local_strncmp,5551.359906878679,1147.1775006914304,1138300
cbench-office-stringsearch2,strsearch2,232449.97212765957,189466.52204168646,28200
cbench-office-stringsearch2,main,158437259,None,1
polybench-cpu-seidel-2d,init_array,41964,None,1
polybench-cpu-seidel-2d,kernel_seidel_2d,81113.35259321379,3912.5179762227344,155020
polybench-cpu-seidel-2d,print_array,1592451,None,1
polybench-cpu-seidel-2d,main,828840699,None,1
polybench-cpu-lu,init_array,40528,None,1
polybench-cpu-lu,kernel_lu,18990.918280745413,1569.2107066737956,556148
polybench-cpu-lu,print_array,1431235,None,1
polybench-cpu-lu,main,2934194597,None,1
polybench-cpu-jacobi-2d-imper,init_array,21240,None,1
polybench-cpu-jacobi-2d-imper,kernel_jacobi_2d_imper,49898.12284084153,6516.365044068957,242224
polybench-cpu-jacobi-2d-imper,print_array,1614826,None,1
polybench-cpu-jacobi-2d-imper,main,1344862298,None,1
polybench-cpu-syrk,init_array,51264,None,1
polybench-cpu-syrk,kernel_syrk,47345.66691609765,3221.191491579566,256584
polybench-cpu-syrk,print_array,1396329,None,1
polybench-cpu-syrk,main,1365587889,None,1
cbench-bzip2,copyFileName,6084.084615384615,1294.9747543617268,260
cbench-bzip2,addFlagsFromEnvVar,6327.442307692308,838.6576633233215,104
cbench-bzip2,myMalloc,5400.2307692307695,942.408899877885,416
cbench-bzip2,mkCell,10666.442307692309,1354.5759364723747,208
cbench-bzip2,snocString,14030.532967032967,3342.356384351033,364
cbench-bzip2,hasSuffix,5844.711538461538,1174.3122031438184,52
cbench-bzip2,mapSuffix,12797.692307692309,2097.270752514189,52
cbench-bzip2,containsDubiousChars,5558.942307692308,576.8888299287229,52
cbench-bzip2,fileExists,20132.94230769231,6968.79572806894,104
cbench-bzip2,saveInputFileMetaInfo,16226.615384615385,388.27815751315444,52
cbench-bzip2,fopen_output_safely,41109.21153846154,5407.637015520639,52
cbench-bzip2,bz_config_ok,5782.653846153846,559.7483988230043,52
cbench-bzip2,default_bzalloc,6517.711538461538,3800.6723770832737,104
cbench-bzip2,BZ2_bzDecompressInit,17955.673076923078,2673.028309241418,52
cbench-bzip2,BZ2_bzReadOpen,14113.634615384615,2438.9030484138957,52
cbench-bzip2,myfeof,5906.762195121952,1421.6084020963003,21320
cbench-bzip2,makeMaps_d,8484.557692307691,1280.1971770681514,104
cbench-bzip2,BZ2_decompress,1843079.3967307692,1187671.4615254865,5200
cbench-bzip2,BZ2_bzDecompress,14694.098372781065,53726.13736265322,16224
cbench-bzip2,BZ2_hbCreateDecodeTables,8214.36858974359,2276.833159878062,624
cbench-bzip2,unRLE_obuf_to_output_FAST,258853.1298076923,46577.052364659256,11232
cbench-bzip2,BZ2_bzRead,28059.251520572452,125695.51579563155,11180
cbench-bzip2,BZ2_bzReadGetUnused,5878.096153846154,1059.8780777017516,52
cbench-bzip2,default_bzfree,11065.932692307691,47855.77761758527,104
cbench-bzip2,BZ2_bzDecompressEnd,17348.73076923077,2222.1628319238243,52
cbench-bzip2,BZ2_bzReadClose,11577.192307692309,1581.9551943093752,52
cbench-bzip2,applySavedFileAttrToOutputFile,22810.94230769231,2726.489644381592,52
cbench-bzip2,uncompressStream,4300107.384615385,48819.455030717305,52
cbench-bzip2,applySavedTimeInfoToOutputFile,15770.038461538461,2040.9233777351421,52
cbench-bzip2,uncompress,532225.75,60256.112993889285,52
cbench-bzip2,main1,78911.57692307692,10979.357644602185,52
cbench-bzip2,main,810282,None,1
cbench-consumer-tiff2dither,_TIFFgetMode,10147.355876865671,11684.822463618506,2144
cbench-consumer-tiff2dither,_TIFFmalloc,6974.041618828932,3582.2594047877947,13936
cbench-consumer-tiff2dither,_TIFFmemset,14352.313666044776,23387.13099074648,4288
cbench-consumer-tiff2dither,_TIFFSetDefaultCompressionState,5659.894989339019,1368.7494079569146,3752
cbench-consumer-tiff2dither,_tiffReadProc,11456.779850746268,8418.582812089344,4824
cbench-consumer-tiff2dither,_tiffWriteProc,17392.74684765826,6586.394746734942,15544
cbench-consumer-tiff2dither,TIFFInitOrder,5612.827425373134,1324.9427925122477,1072
cbench-consumer-tiff2dither,_TIFFMergeFieldInfo,423112.9197761194,715123.5997204172,2144
cbench-consumer-tiff2dither,_TIFFSetupFieldInfo,12806.99315920398,3136.2200276062663,1608
cbench-consumer-tiff2dither,_TIFFFindFieldInfo,5415.3767394231845,1113.9684507401691,71288
cbench-consumer-tiff2dither,OkToChangeTag,10643.964792970632,1517.6866288019705,16616
cbench-consumer-tiff2dither,TIFFFindCODEC,5390.682835820896,1029.1929116668682,2680
cbench-consumer-tiff2dither,TIFFInitDumpMode,5414.11815920398,872.3451014783507,1608
cbench-consumer-tiff2dither,TIFFSetCompressionScheme,21869.22276119403,2377.504860501119,2680
cbench-consumer-tiff2dither,_TIFFFieldWithTag,10666.540150276018,1551.8525639775391,39128
cbench-consumer-tiff2dither,_TIFFVSetField,17934.67013721714,3890.3558197360567,16616
cbench-consumer-tiff2dither,TIFFVSetField,15962.102792489168,1908.6637433056026,16616
cbench-consumer-tiff2dither,TIFFSetField,10758.400397207512,1485.9209089474273,16616
cbench-consumer-tiff2dither,TIFFDefaultDirectory,22017.144278606964,2548.166848993507,1608
cbench-consumer-tiff2dither,TIFFClientOpen,61391.38526119403,16366.516216480537,1072
cbench-consumer-tiff2dither,TIFFFdOpen,23488.680037313432,13533.388144431401,1072
cbench-consumer-tiff2dither,TIFFOpen,1440804.2388059702,10133510.68582991,1072
cbench-consumer-tiff2dither,_tiffMapProc,5502.617537313433,853.8267553873164,536
cbench-consumer-tiff2dither,_TIFFvoid,5359.944029850746,902.6290082702185,3216
cbench-consumer-tiff2dither,_tiffSeekProc,6654.805461329715,968.2336926052128,17688
cbench-consumer-tiff2dither,CheckMalloc,10734.181436567163,1905.9576544853164,2144
cbench-consumer-tiff2dither,TIFFFreeDirectory,15096.399253731342,9649.591341186837,2144
cbench-consumer-tiff2dither,CheckDirCount,5365.7069029850745,1052.8401453171748,10720
cbench-consumer-tiff2dither,TIFFFetchNormalTag,23549.027985074626,4362.780567439054,5896
cbench-consumer-tiff2dither,TIFFReassignTagToIgnore,5427.503464818763,804.7099399284735,7504
cbench-consumer-tiff2dither,_TIFFrealloc,6016.442164179104,872.5433317650442,536
cbench-consumer-tiff2dither,tagCompare,5358.320349322466,954.2912806934986,162944
cbench-consumer-tiff2dither,TIFFPredictorInit,11571.675373134329,2153.1854209605926,536
cbench-consumer-tiff2dither,TIFFInitLZW,16625.27985074627,2183.9168354053872,536
cbench-consumer-tiff2dither,PredictorVSetField,10674.869817578772,1607.4089523737096,4824
cbench-consumer-tiff2dither,TIFFNumberOfStrips,5587.915111940299,1167.8669421076877,1072
cbench-consumer-tiff2dither,TIFFFetchLongArray,5379.058768656716,767.8694239204648,1072
cbench-consumer-tiff2dither,TIFFFetchStripThing,21654.138992537315,2263.0385505178406,1072
cbench-consumer-tiff2dither,TIFFFetchData,16278.85447761194,1731.8370411193446,1608
cbench-consumer-tiff2dither,cvtRational,5391.109141791045,1194.9764028589598,1072
cbench-consumer-tiff2dither,TIFFFetchRational,16228.615671641792,2333.331908294226,1072
cbench-consumer-tiff2dither,TIFFFetchString,10770.235074626866,1261.0567311648074,536
cbench-consumer-tiff2dither,_TIFFmemcpy,5363.446751605895,1042.716133737143,169376
cbench-consumer-tiff2dither,_TIFFsetByteArray,16297.51368159204,2564.531011041887,1608
cbench-consumer-tiff2dither,_TIFFsetString,10960.866604477613,1854.314944166985,1072
cbench-consumer-tiff2dither,_TIFFfree,6615.472230195178,5423.235792450234,13936
cbench-consumer-tiff2dither,TIFFTileRowSize,5415.285447761194,919.6155748273145,1072
cbench-consumer-tiff2dither,TIFFVTileSize,10904.574626865671,1857.9632242588316,1072
cbench-consumer-tiff2dither,TIFFTileSize,10776.805970149253,1345.6057930088873,1072
cbench-consumer-tiff2dither,TIFFScanlineSize,5415.967393949225,980.8950793161168,12329
cbench-consumer-tiff2dither,TIFFReadDirectory,143265.76679104476,138424.28917621344,1072
cbench-consumer-tiff2dither,_TIFFVGetField,5509.115827114428,939.7112901445455,12864
cbench-consumer-tiff2dither,PredictorVGetField,10805.91592039801,1508.9975910229025,8040
cbench-consumer-tiff2dither,TIFFVGetField,15167.119660319095,2662.6000563582847,15544
cbench-consumer-tiff2dither,TIFFGetField,10736.518571913162,1354.8856101281517,11792
cbench-consumer-tiff2dither,TIFFInitPackBits,5532.764925373134,1215.0428448125144,536
cbench-consumer-tiff2dither,_TIFFsetShortArray,10898.264925373134,2531.7232712535397,536
cbench-consumer-tiff2dither,setExtraSamples,11010.617537313432,1222.4552699766716,536
cbench-consumer-tiff2dither,TIFFGetVersion,5453.6529850746265,889.4980664378536,536
cbench-consumer-tiff2dither,_TIFFDefaultStripSize,5564.358208955224,1089.2389036402967,536
cbench-consumer-tiff2dither,TIFFDefaultStripSize,11143.638059701492,2846.104433817145,536
cbench-consumer-tiff2dither,TIFFVGetFieldDefaulted,10890.857675906183,4021.5040140214255,3752
cbench-consumer-tiff2dither,TIFFGetFieldDefaulted,10977.99040511727,1459.3052443642127,3752
cbench-consumer-tiff2dither,TIFFIsTiled,5389.9682835820895,718.5150112712296,536
cbench-consumer-tiff2dither,makebwmap,15463.173507462687,1255.2418055496867,536
cbench-consumer-tiff2dither,setupMap,24648.25932835821,2702.7763174822153,536
cbench-consumer-tiff2dither,buildMap,10965.451492537313,1060.6234057654872,536
cbench-consumer-tiff2dither,pickTileContigCase,11101.074626865671,2048.6554482934143,536
cbench-consumer-tiff2dither,TIFFRGBAImageBegin,65828.04477611941,5263.548387532682,536
cbench-consumer-tiff2dither,TIFFVStripSize,10933.388059701492,1749.6256503880913,1072
cbench-consumer-tiff2dither,TIFFStripSize,10843.634328358208,1176.600419177278,536
cbench-consumer-tiff2dither,setorientation,5799.0932835820895,899.065002729155,536
cbench-consumer-tiff2dither,TIFFComputeStrip,5478.8414179104475,813.2544284901991,536
cbench-consumer-tiff2dither,TIFFCheckRead,5491.134328358209,852.3787214178351,536
cbench-consumer-tiff2dither,TIFFReadBufferSetup,11776.669776119403,1235.7430535862538,536
cbench-consumer-tiff2dither,TIFFReadRawStrip1,18411.001865671642,4113.8326453128075,536
cbench-consumer-tiff2dither,LZWSetupDecode,19157.83395522388,1829.0970645220057,536
cbench-consumer-tiff2dither,PredictorSetup,5692.837686567164,765.5546164718537,536
cbench-consumer-tiff2dither,PredictorSetupDecode,17723.513059701494,2419.826898848319,536
cbench-consumer-tiff2dither,LZWPreDecode,12510.820895522387,1313.9946477123742,536
cbench-consumer-tiff2dither,TIFFStartStrip,17248.376865671642,2294.058475194853,536
cbench-consumer-tiff2dither,TIFFFillStrip,23044.162313432837,3131.0042713859207,536
cbench-consumer-tiff2dither,LZWDecode,1312596.052238806,79550.13060036786,536
cbench-consumer-tiff2dither,_TIFFNoPostDecode,5946.309701492537,1065.2859881815707,536
cbench-consumer-tiff2dither,TIFFReadEncodedStrip,36735.30597014925,4453.9579117947505,536
cbench-consumer-tiff2dither,putgreytile,226004.14179104476,24912.467054818717,536
cbench-consumer-tiff2dither,gtStripContig,58527.5802238806,4985.216016382911,536
cbench-consumer-tiff2dither,TIFFRGBAImageGet,11208.860074626866,1996.247890936027,536
cbench-consumer-tiff2dither,TIFFRGBAImageEnd,11170.59328358209,1825.8650999579693,536
cbench-consumer-tiff2dither,TIFFReadRGBAImage,23037.455223880595,2760.8519276150346,536
cbench-consumer-tiff2dither,TIFFSetupStrips,32561.42723880597,3518.6380577734617,536
cbench-consumer-tiff2dither,TIFFWriteCheck,21840.45895522388,2535.3795303264083,536
cbench-consumer-tiff2dither,TIFFWriteBufferSetup,11295.018656716418,1366.6952718168072,536
cbench-consumer-tiff2dither,_TIFFtrue,5295.944619010212,946.3072490895224,10184
cbench-consumer-tiff2dither,PackBitsPreEncode,10809.8467039801,1508.1365051887394,9648
cbench-consumer-tiff2dither,PackBitsEncode,16037.990250071756,1431.254962969911,111488
cbench-consumer-tiff2dither,PackBitsEncodeChunk,68194.88132255389,11124.846116150313,9648
cbench-consumer-tiff2dither,TIFFAppendToStrip,17177.748963515754,1858.267541900515,9648
cbench-consumer-tiff2dither,TIFFWriteEncodedStrip,28192.97014925373,4562.615012421139,9648
cbench-consumer-tiff2dither,cvt_whole_image,1813921.4347014925,105293.23644378562,536
cbench-consumer-tiff2dither,tiffcvt,129882.09141791044,8747.897582455025,536
cbench-consumer-tiff2dither,TIFFLinkDirectory,21514.565298507463,1360.582048149551,536
cbench-consumer-tiff2dither,TIFFSetupShortLong,5392.881218905472,856.1570242810423,1608
cbench-consumer-tiff2dither,TIFFWriteData,16183.511815920398,1657.4181692408538,3216
cbench-consumer-tiff2dither,TIFFWriteShortArray,8183.414179104478,2817.861780517837,1072
cbench-consumer-tiff2dither,TIFFWritePerSampleShorts,16593.875,2141.568969182724,536
cbench-consumer-tiff2dither,TIFFWriteNormalTag,12155.836287313432,2787.2098507811547,4288
cbench-consumer-tiff2dither,TIFFWriteLongArray,10624.018656716418,1054.1755823304582,1072
cbench-consumer-tiff2dither,TIFFWriteRationalArray,21764.47014925373,2230.1221742930065,1072
cbench-consumer-tiff2dither,TIFFWriteByteArray,10831.30223880597,990.5074702736348,536
cbench-consumer-tiff2dither,TIFFWriteDirectory,171571.28917910447,4636.352805267383,536
cbench-consumer-tiff2dither,LZWCleanup,16294.869402985074,1575.3817640618759,536
cbench-consumer-tiff2dither,_tiffCloseProc,51437.90018656717,41899.75208928038,1072
cbench-consumer-tiff2dither,TIFFClose,43409.69496268657,2129.854860468183,1072
cbench-consumer-tiff2dither,TIFFFlushData,5557.223880597015,1495.4088461265403,536
cbench-consumer-tiff2dither,TIFFFlush,10916.625,1033.2008224377203,536
cbench-consumer-tiff2dither,main1,44763.21828358209,3856.452281193562,536
cbench-consumer-tiff2dither,main,3684314,None,1
